Rk,Player,Off%,Rate,AV,TD,Int,OffSnp,Season,Age,Team,G,GS,Cmp,Att,Inc,Cmp%,Yds,TD,Int,Pick6,TD%,Int%,Rate,Sk,Yds,Sk%,Y/A,AY/A,ANY/A,Y/C,Y/G,Succ%,W,L,T,4QC,GWD,OffSnp,Off%,Pos
1,Marcus Mariota,3.8,82.5,1,1,1,44,2023,30,PHI,3,0,15,23,8,65.2,164,1,1,0,4.3,4.3,82.5,3,11,11.54,7.1,6.04,4.92,10.9,54.7,53.8,,,,0,0,44,3.8,QB
2,Jaren Hall,4.1,70.4,1,0,1,46,2023,25,MIN,3,2,13,20,7,65,168,0,1,0,0,5,70.4,4,28,16.67,8.4,6.15,3.96,12.9,56,37.5,1,1,0,0,0,46,4.1,QB
3,Jacoby Brissett,4.2,146.8,1,3,0,46,2023,31,WAS,3,0,18,23,5,78.3,224,3,0,0,13,0,146.8,0,0,0,9.7,12.35,12.35,12.4,74.7,56.5,,,,0,0,46,4.2,QB
4,Davis Mills,4.7,76.1,1,2,0,53,2023,25,HOU,6,0,18,39,21,46.2,173,2,0,0,5.1,0,76.1,2,13,4.88,4.4,5.46,4.88,9.6,28.8,36.6,,,,0,0,53,4.7,QB
5,Mike White,4.8,118.1,0,1,1,53,2023,28,MIA,6,0,5,6,1,83.3,74,1,1,1,16.7,16.7,118.1,0,0,0,12.3,8.17,8.17,14.8,12.3,16.7,,,,0,0,53,4.8,QB
6,Jeff Driskel,4.3,63.9,1,2,2,53,2023,30,CLE,1,1,13,26,13,50,166,2,2,0,7.7,7.7,63.9,3,26,10.34,6.4,4.46,3.1,12.8,166,34.5,0,1,0,0,0,53,4.3,QB
7,Clayton Tune,5.3,22.6,0,0,2,60,2023,24,ARI,7,1,12,21,9,57.1,62,0,2,0,0,9.5,22.6,7,41,25,3,-1.33,-2.46,5.2,8.9,17.9,0,1,0,0,0,60,5.3,QB
8,Cooper Rush,5.8,72.2,0,0,1,69,2023,30,DAL,7,0,18,24,6,75,144,0,1,0,0,4.2,72.2,1,8,4,6,4.13,3.64,8,20.6,52,,,,0,0,69,5.8,QB
9,Carson Wentz,6.1,99.8,1,2,1,70,2023,31,LAR,2,1,17,24,7,70.8,163,2,1,0,8.3,4.2,99.8,2,14,7.69,6.8,6.58,5.54,9.6,81.5,57.7,1,0,0,1,1,70,6.1,QB
10,Jameis Winston,6.6,57.4,1,2,3,76,2023,29,NOR,7,0,25,47,22,53.2,264,2,3,0,4.3,6.4,57.4,2,13,4.08,5.6,3.6,3.18,10.6,37.7,32.7,,,,0,0,76,6.6,QB
11,Brett Rypien,6.8,49.5,1,0,1,78,2023,27,LAR,2,1,18,38,20,47.4,172,0,1,0,0,2.6,49.5,2,18,5,4.5,3.34,2.73,9.6,86,25,0,1,0,0,0,78,6.8,QB
12,Blaine Gabbert,7,31.3,1,0,3,79,2023,34,KAN,2,1,18,35,17,51.4,185,0,3,0,0,8.6,31.3,1,9,2.78,5.3,1.43,1.14,10.3,92.5,30.6,1,0,0,1,1,79,7,QB
13,Brian Hoyer,7.6,50.8,1,0,2,80,2023,38,LVR,3,1,23,42,19,54.8,231,0,2,1,0,4.8,50.8,1,8,2.33,5.5,3.36,3.09,10,77,44.2,0,1,0,0,0,80,7.6,QB
14,Andy Dalton,7,88.4,1,2,0,81,2023,36,CAR,3,1,34,58,24,58.6,361,2,0,0,3.4,0,88.4,3,27,4.92,6.2,6.91,6.13,10.6,120.3,42.6,0,1,0,0,0,81,7,QB
15,Tyler Huntley,7.6,99.3,1,3,0,86,2023,25,BAL,5,1,21,37,16,56.8,203,3,0,0,8.1,0,99.3,4,28,9.76,5.5,7.11,5.73,9.7,40.6,41.5,0,1,0,0,0,86,7.6,QB
16,C.J. Beathard,9.7,98.7,1,1,0,113,2023,30,JAX,7,1,40,53,13,75.5,349,1,0,0,1.9,0,98.7,6,27,10.17,6.6,6.96,5.8,8.7,49.9,47.5,1,0,0,0,0,113,9.7,QB
17,Case Keenum,10,61.1,1,1,3,113,2023,35,HOU,2,2,34,53,19,64.2,291,1,3,1,1.9,5.7,61.1,6,60,10.17,5.5,3.32,1.97,8.6,145.5,40.7,1,1,0,1,1,113,10,QB
18,Tim Boyle,11.1,56.2,1,1,4,122,2023,29,NYJ,3,2,48,77,29,62.3,360,1,4,1,1.3,5.2,56.2,9,64,10.47,4.7,2.6,1.58,7.5,120,29.1,0,2,0,0,0,122,11.1,QB
19,Sam Darnold,12.2,85.1,1,2,1,130,2023,26,SFO,10,1,28,46,18,60.9,297,2,1,0,4.3,2.2,85.1,6,40,11.54,6.5,6.35,4.85,10.6,29.7,46.2,0,1,0,0,0,130,12.2,QB
20,Jarrett Stidham,12.5,87.7,2,2,1,134,2023,27,DEN,3,2,40,66,26,60.6,496,2,1,0,3,1.5,87.7,7,46,9.59,7.5,7.44,6.1,12.4,165.3,45.2,1,1,0,0,0,134,12.5,QB
21,Drew Lock,13.8,81.2,2,3,3,145,2023,27,SEA,4,2,48,76,28,63.2,543,3,3,0,3.9,3.9,81.2,6,26,7.32,7.1,6.16,5.39,11.3,135.8,40.2,1,1,0,1,1,145,13.8,QB
22,Anthony Richardson,15.1,87.3,3,3,1,173,2023,21,IND,4,4,50,84,34,59.5,577,3,1,0,3.6,1.2,87.3,7,29,7.69,6.9,7.05,6.19,11.5,144.3,44,2,2,0,0,0,173,15.1,QB
23,Mason Rudolph,18.6,118,2,3,0,199,2023,28,PIT,4,3,55,74,19,74.3,719,3,0,0,4.1,0,118,6,43,7.5,9.7,10.53,9.2,13.1,179.8,47.5,3,0,0,0,1,199,18.6,QB
24,Mitchell Trubisky,18.9,71.9,2,4,5,202,2023,29,PIT,5,2,67,107,40,62.6,632,4,5,0,3.7,4.7,71.9,7,42,6.14,5.9,4.55,3.9,9.4,126.4,50,0,2,0,0,0,202,18.9,QB
25,Dorian Thompson-Robinson,17.3,51.2,1,1,4,214,2023,24,CLE,8,3,60,112,52,53.6,440,1,4,0,0.9,3.6,51.2,6,60,5.08,3.9,2.5,1.86,7.3,55,35.6,1,2,0,0,1,214,17.3,QB
26,P.J. Walker,19.6,52.2,2,1,5,243,2023,28,CLE,6,2,54,111,57,48.6,674,1,5,0,0.9,4.5,52.2,11,90,9.02,6.1,4.23,3.11,12.5,112.3,32.8,1,1,0,2,2,243,19.6,QB
27,Nick Mullens,21.8,88.4,4,7,8,244,2023,28,MIN,5,3,100,148,48,67.6,1306,7,8,0,4.7,5.4,88.4,12,105,7.5,8.8,7.34,6.13,13.1,261.2,47.5,0,3,0,0,1,244,21.8,QB
28,Taylor Heinicke,24,74.7,3,5,4,271,2023,30,ATL,5,4,74,136,62,54.4,890,5,4,0,3.7,2.9,74.7,8,47,5.56,6.5,5.96,5.3,12,178,40.3,1,3,0,0,0,271,24,QB
29,Tyson Bagent,26.8,71.4,3,3,6,305,2023,23,CHI,5,4,94,143,49,65.7,859,3,6,0,2.1,4.2,71.4,5,35,3.38,6,4.54,4.15,9.1,171.8,52,2,2,0,0,0,305,26.8,QB
30,Easton Stick,27.6,85.6,4,3,1,320,2023,28,LAC,5,4,111,174,63,63.8,1129,3,1,1,1.7,0.6,85.6,14,122,7.45,6.5,6.57,5.44,10.2,225.8,43.1,0,4,0,0,0,320,27.6,QB
31,Daniel Jones,29.4,70.5,0,2,6,325,2023,26,NYG,6,6,108,160,52,67.5,909,2,6,2,1.3,3.8,70.5,30,167,15.79,5.7,4.24,2.69,8.4,151.5,37.4,1,5,0,1,1,325,29.4,QB
32,Jimmy Garoppolo,31.1,77.7,2,7,9,325,2023,32,LVR,7,6,110,169,59,65.1,1205,7,9,0,4.1,5.3,77.7,14,101,7.65,7.1,5.56,4.58,11,172.1,47.5,3,3,0,2,2,325,31.1,QB
33,Joe Flacco,27.9,90.2,5,13,8,346,2023,38,CLE,5,5,123,204,81,60.3,1616,13,8,2,6.4,3.9,90.2,8,57,3.77,7.9,7.43,6.88,13.1,323.2,46.7,4,1,0,1,1,346,27.9,QB
34,Tyrod Taylor,33.8,89.1,5,5,3,373,2023,34,NYG,11,5,116,180,64,64.4,1341,5,3,0,2.8,1.7,89.1,17,94,8.63,7.5,7.26,6.15,11.6,121.9,43.7,2,3,0,0,0,373,33.8,QB
35,Deshaun Watson,30.9,84.3,4,7,4,383,2023,28,CLE,6,6,105,171,66,61.4,1115,7,4,2,4.1,2.3,84.3,17,85,9.04,6.5,6.29,5.27,10.6,185.8,38.3,5,1,0,1,1,383,30.9,QB
36,Tommy DeVito,36.8,89.2,4,8,3,406,2023,25,NYG,9,6,114,178,64,64,1101,8,3,0,4.5,1.7,89.2,37,196,17.21,6.2,6.33,4.33,9.7,122.3,32.1,3,3,0,1,2,406,36.8,QB
37,Bailey Zappe,39.3,68.7,0,6,9,413,2023,24,NWE,10,6,127,212,85,59.9,1272,6,9,1,2.8,4.2,68.7,25,191,10.55,6,4.66,3.36,10,127.2,34.2,2,4,0,0,1,413,39.3,QB
38,Taysom Hill,36.7,109.3,5,1,0,425,2023,33,NOR,16,7,6,11,5,54.5,83,1,0,0,9.1,0,109.3,2,4,15.38,7.5,9.36,7.62,13.8,5.2,46.2,,,,0,1,425,36.7,TE/QB
39,Jake Browning,43.1,98.4,7,12,7,469,2023,27,CIN,9,7,171,243,72,70.4,1936,12,7,1,4.9,2.9,98.4,24,169,8.99,8,7.66,6.34,11.3,215.1,48.3,4,3,0,2,2,469,43.1,QB
40,Ryan Tannehill,47.6,78.5,5,4,7,500,2023,35,TEN,10,8,149,230,81,64.8,1616,4,7,0,1.7,3,78.5,32,230,12.21,7,6,4.39,10.8,161.6,40.8,3,5,0,1,1,500,47.6,QB
41,Kirk Cousins,45.7,103.8,7,18,5,512,2023,35,MIN,8,8,216,311,95,69.5,2331,18,5,1,5.8,1.6,103.8,17,110,5.18,7.5,7.93,7.18,10.8,291.4,46.6,4,4,0,0,0,512,45.7,QB
42,Will Levis,50.3,84.2,6,8,4,528,2023,24,TEN,9,9,149,255,106,58.4,1808,8,4,1,3.1,1.6,84.2,28,185,9.89,7.1,7.01,5.66,12.1,200.9,37.1,3,6,0,1,1,528,50.3,QB
43,Kyler Murray,47.5,89.4,8,10,5,538,2023,26,ARI,8,8,176,268,92,65.7,1799,10,5,2,3.7,1.9,89.4,18,119,6.29,6.7,6.62,5.79,10.2,224.9,43.7,3,5,0,2,2,538,47.5,QB
44,Joe Burrow,55.3,91,8,15,6,602,2023,27,CIN,10,10,244,365,121,66.8,2309,15,6,0,4.1,1.6,91,24,180,6.17,6.3,6.41,5.55,9.5,230.9,46,5,5,0,0,0,602,55.3,QB
45,Mac Jones,60.4,77,3,10,12,635,2023,25,NWE,11,11,224,345,121,64.9,2120,10,12,3,2.9,3.5,77,22,127,5.99,6.1,5.16,4.5,9.5,192.7,43.3,2,9,0,1,1,635,60.4,QB
46,Aidan O'Connell,61.3,83.9,6,12,7,641,2023,25,LVR,11,10,213,343,130,62.1,2218,12,7,0,3.5,2,83.9,24,173,6.54,6.5,6.25,5.37,10.4,201.6,43.6,5,5,0,0,1,641,61.3,QB
47,Kenny Pickett,62.6,81.4,6,6,4,670,2023,25,PIT,12,12,201,324,123,62,2070,6,4,0,1.9,1.2,81.4,23,173,6.63,6.4,6.2,5.29,10.3,172.5,40.3,7,5,0,3,3,670,62.6,QB
48,Zach Wilson,62.5,77.2,5,8,7,688,2023,24,NYJ,12,11,221,368,147,60.1,2271,8,7,0,2.2,1.9,77.2,46,340,11.11,6.2,5.75,4.29,10.3,189.3,36.5,4,7,0,3,2,688,62.5,QB
49,Justin Fields,72.8,86.3,13,16,9,829,2023,24,CHI,13,13,227,370,143,61.4,2562,16,9,2,4.3,2.4,86.3,44,285,10.63,6.9,6.69,5.29,11.3,197.1,38.4,5,8,0,1,1,829,72.8,QB
50,Justin Herbert,72.4,93.2,11,20,7,838,2023,25,LAC,13,13,297,456,159,65.1,3134,20,7,0,4.4,1.5,93.2,29,233,5.98,6.9,7.06,6.16,10.6,241.1,46.2,5,8,0,1,1,838,72.4,QB
51,Desmond Ridder,75.2,83.4,9,12,12,850,2023,24,ATL,15,13,249,388,139,64.2,2836,12,12,1,3.1,3.1,83.4,31,197,7.4,7.3,6.54,5.58,11.4,189.1,45.3,6,7,0,2,4,850,75.2,QB
52,Joshua Dobbs,37.9,79.5,7,13,10,854,2023,28,ARIMIN,13,12,262,417,155,62.8,2464,13,10,1,3.1,2.4,79.5,30,217,6.71,5.9,5.45,4.6,9.4,189.5,41.6,3,9,0,1,1,854,37.9,QB
53,Geno Smith,86.2,92.1,12,20,9,906,2023,33,SEA,15,15,323,499,176,64.7,3624,20,9,0,4,1.8,92.1,31,231,5.85,7.3,7.25,6.39,11.2,241.6,47.2,8,7,0,4,5,906,86.2,QB
54,Brock Purdy,87.8,113,18,31,11,936,2023,24,SFO,16,16,308,444,136,69.4,4280,31,11,1,7,2.5,113,28,153,5.93,9.6,9.92,9.01,13.9,267.5,54.7,12,4,0,0,0,936,87.8,QB
55,Russell Wilson,87.5,98,12,26,8,938,2023,35,DEN,15,15,297,447,150,66.4,3070,26,8,0,5.8,1.8,98,45,258,9.15,6.9,7.23,6.04,10.3,204.7,43.3,7,8,0,4,4,938,87.5,QB
56,C.J. Stroud,85.4,100.8,14,23,5,968,2023,22,HOU,15,15,319,499,180,63.9,4108,23,5,0,4.6,1,100.8,38,331,7.08,8.2,8.7,7.47,12.9,273.9,46.7,9,6,0,1,3,968,85.4,QB
57,Gardner Minshew II,84.7,84.6,10,15,9,972,2023,27,IND,17,13,305,490,185,62.2,3305,15,9,0,3.1,1.8,84.6,34,187,6.49,6.7,6.53,5.75,10.8,194.4,41.2,7,6,0,2,2,972,84.7,QB
58,Derek Carr,84.5,97.7,12,25,8,978,2023,32,NOR,17,17,375,548,173,68.4,3878,25,8,2,4.6,1.5,97.7,31,218,5.35,7.1,7.33,6.56,10.3,228.1,46.8,9,8,0,0,1,978,84.5,QB
59,Matthew Stafford,87.1,92.5,13,24,11,1000,2023,35,LAR,15,15,326,521,195,62.6,3965,24,11,1,4.6,2.1,92.5,30,205,5.44,7.6,7.58,6.8,12.2,264.3,47.5,9,6,0,1,2,1000,87.1,QB
60,Lamar Jackson,92.4,102.7,19,24,7,1040,2023,26,BAL,16,16,307,457,150,67.2,3678,24,7,1,5.3,1.5,102.7,37,218,7.49,8,8.41,7.34,12,229.9,48.2,13,3,0,1,0,1040,92.4,QB
61,Tua Tagovailoa,95.2,101.1,16,29,14,1045,2023,25,MIA,17,17,388,560,172,69.3,4624,29,14,2,5.2,2.5,101.1,29,171,4.92,8.3,8.17,7.48,11.9,272,50.8,11,6,0,2,2,1045,95.2,QB
62,Trevor Lawrence,89.8,88.5,14,21,14,1047,2023,24,JAX,16,16,370,564,194,65.6,4016,21,14,0,3.7,2.5,88.5,35,224,5.84,7.1,6.75,5.98,10.9,251,46.4,8,8,0,1,2,1047,89.8,QB
63,Patrick Mahomes,93,92.6,15,27,14,1051,2023,28,KAN,16,16,401,597,196,67.2,4183,27,14,2,4.5,2.3,92.6,27,186,4.33,7,6.86,6.26,10.4,261.4,48.2,10,6,0,1,2,1051,93,QB
64,Sam Howell,95.8,78.9,11,21,21,1061,2023,23,WAS,17,17,388,612,224,63.4,3946,21,21,4,3.4,3.4,78.9,65,449,9.6,6.4,5.59,4.39,10.2,232.1,42.7,4,13,0,2,2,1061,95.8,QB
65,Bryce Young,93,73.7,6,11,10,1068,2023,22,CAR,16,16,315,527,212,59.8,2877,11,10,3,2.1,1.9,73.7,62,477,10.53,5.5,5.02,3.68,9.1,179.8,36.5,2,14,0,2,2,1068,93,QB
66,Jordan Love,98.8,96.1,15,32,11,1083,2023,25,GNB,17,17,372,579,207,64.2,4159,32,11,0,5.5,1.9,96.1,30,242,4.93,7.2,7.43,6.67,11.2,244.6,47.6,9,8,0,2,3,1083,98.8,QB
67,Baker Mayfield,99.7,94.6,13,28,10,1100,2023,28,TAM,17,17,364,566,202,64.3,4044,28,10,0,4.9,1.8,94.6,40,232,6.6,7.1,7.34,6.47,11.1,237.9,44.7,9,8,0,1,2,1100,99.7,QB
68,Jalen Hurts,96.2,89.1,18,23,15,1103,2023,25,PHI,17,17,352,538,186,65.4,3858,23,15,2,4.3,2.8,89.1,36,222,6.27,7.2,6.77,5.96,11,226.9,46.7,11,6,0,3,4,1103,96.2,QB
69,Dak Prescott,94.2,105.9,19,36,9,1115,2023,30,DAL,17,17,410,590,180,69.5,4516,36,9,0,6.1,1.5,105.9,39,255,6.2,7.7,8.19,7.28,11,265.6,51.5,12,5,0,2,3,1115,94.2,QB
70,Josh Allen,96.7,92.2,18,29,18,1126,2023,27,BUF,17,17,385,579,194,66.5,4306,29,18,0,5,3.1,92.2,24,152,3.98,7.4,7.04,6.51,11.2,253.3,50.7,11,6,0,2,4,1126,96.7,QB
71,Jared Goff,99.7,97.9,16,30,12,1175,2023,29,DET,17,17,407,605,198,67.3,4575,30,12,2,5,2,97.9,30,197,4.72,7.6,7.66,6.99,11.2,269.1,50.9,12,5,0,2,3,1175,99.7,QB
1,Jordan Love,2.4,112.2,1,1,0,26,2022,24,GNB,4,0,14,21,7,66.7,195,1,0,0,4.8,0,112.2,0,0,0,9.3,10.24,10.24,13.9,48.8,57.1,,,,0,0,26,2.4,QB
2,C.J. Beathard,2.4,30.5,0,0,1,27,2022,29,JAX,4,0,7,11,4,63.6,35,0,1,0,0,9.1,30.5,1,5,8.33,3.2,-0.91,-1.25,5,8.8,33.3,,,,0,0,27,2.4,QB
3,Chase Daniel,2.5,103.5,0,1,0,30,2022,36,LAC,4,0,8,12,4,66.7,52,1,0,0,8.3,0,103.5,1,1,7.69,4.3,6,5.46,6.5,13,46.2,,,,0,0,30,2.5,QB
4,Chris Streveler,2.8,82.6,0,0,0,31,2022,27,NYJ,2,1,10,15,5,66.7,90,0,0,0,0,0,82.6,0,0,0,6,6,6,9,45,53.3,,,,0,0,31,2.8,QB
5,Tyrod Taylor,2.8,94.8,1,1,1,32,2022,33,NYG,3,0,6,8,2,75,58,1,1,0,12.5,12.5,94.8,3,18,27.27,7.3,4.13,1.36,9.7,19.3,45.5,,,,0,0,32,2.8,QB
6,Nathan Peterman,4.3,68.6,1,1,1,44,2022,28,CHI,3,1,14,25,11,56,139,1,1,0,4,4,68.6,1,6,3.85,5.6,4.56,4.15,9.9,46.3,38.5,0,1,0,0,0,44,4.3,QB
7,Nick Mullens,4.6,100.7,1,1,1,54,2022,27,MIN,4,0,21,25,4,84,224,1,1,0,4,4,100.7,0,0,0,9,7.96,7.96,10.7,56,76,,,,0,0,54,4.6,QB
8,Trevor Siemian,5.8,76.4,1,1,1,60,2022,31,CHI,2,1,15,26,11,57.7,184,1,1,0,3.8,3.8,76.4,2,14,7.14,7.1,6.12,5.18,12.3,92,39.3,0,1,0,0,0,60,5.8,QB
9,Davis Webb,5.6,75.8,1,1,0,63,2022,27,NYG,1,1,23,40,17,57.5,168,1,0,0,2.5,0,75.8,0,0,0,4.2,4.7,4.7,7.3,168,35,0,1,0,0,0,63,5.6,QB
10,Sam Howell,5.5,83,1,1,1,66,2022,22,WAS,1,1,11,19,8,57.9,169,1,1,0,5.3,5.3,83,3,11,13.64,8.9,7.58,6.05,15.4,169,27.3,1,0,0,0,0,66,5.5,QB
11,Nick Foles,7.2,34.3,1,0,4,83,2022,33,IND,3,2,25,42,17,59.5,224,0,4,1,0,9.5,34.3,8,48,16,5.3,1.05,-0.08,9,74.7,30,0,2,0,0,0,83,7.2,QB
12,Trey Lance,7.6,55,1,0,1,84,2022,22,SFO,2,2,15,31,16,48.4,194,0,1,0,0,3.2,55,2,9,6.06,6.3,4.81,4.24,12.9,97,33.3,1,1,0,0,0,84,7.6,QB
13,Bryce Perkins,8.8,53.7,1,1,2,90,2022,26,LAR,5,1,19,34,15,55.9,161,1,2,0,2.9,5.9,53.7,6,50,15,4.7,2.68,1.03,8.5,32.2,32.5,0,1,0,0,0,90,8.8,QB
14,Jeff Driskel,9,99.6,1,1,0,96,2022,29,HOU,7,2,14,20,6,70,108,1,0,0,5,0,99.6,2,13,9.09,5.4,6.4,5.23,7.7,15.4,40.9,0,1,0,0,0,96,9,QB
15,Anthony Brown,9.2,48.2,1,0,2,101,2022,24,BAL,2,1,22,49,27,44.9,302,0,2,0,0,4.1,48.2,5,14,9.26,6.2,4.33,3.67,13.7,151,31.5,0,1,0,0,0,101,9.2,QB
16,David Blough,9,82.7,1,2,2,109,2022,27,ARI,2,2,38,58,20,65.5,402,2,2,0,3.4,3.4,82.7,5,24,7.94,6.9,6.07,5.21,10.6,201,36.5,0,2,0,0,0,109,9,QB
17,John Wolford,11.8,64.6,1,1,3,121,2022,27,LAR,3,3,38,62,24,61.3,390,1,3,0,1.6,4.8,64.6,7,49,10.14,6.3,4.44,3.28,10.3,130,43.5,1,2,0,0,0,121,11.8,QB
18,Kyle Allen,11.9,60.6,1,2,4,126,2022,26,HOU,2,2,46,78,32,59,416,2,4,1,2.6,5.1,60.6,5,41,6.02,5.3,3.54,2.83,9,208,33.7,0,2,0,0,0,126,11.9,QB
19,Joshua Dobbs,13.4,73.8,1,2,2,139,2022,27,TEN,2,2,40,68,28,58.8,411,2,2,0,2.9,2.9,73.8,6,26,8.11,6,5.31,4.53,10.3,205.5,39.2,0,2,0,0,0,139,13.4,QB
20,Teddy Bridgewater,13.3,85.6,2,4,4,141,2022,30,MIA,5,2,49,79,30,62,683,4,4,1,5.1,5.1,85.6,7,45,8.14,8.6,7.38,6.26,13.9,136.6,45.3,0,2,0,0,0,141,13.3,QB
21,Trace McSorley,12.3,42.8,1,0,5,148,2022,27,ARI,6,1,45,83,38,54.2,412,0,5,0,0,6,42.8,3,27,3.49,5,2.25,1.86,9.2,68.7,29.1,0,1,0,0,0,148,12.3,QB
22,Gardner Minshew II,12.8,83.4,2,3,3,151,2022,26,PHI,5,2,44,76,32,57.9,663,3,3,1,3.9,3.9,83.4,6,28,7.32,8.7,7.74,6.83,15.1,132.6,43.9,0,2,0,0,0,151,12.8,QB
23,Jarrett Stidham,14.2,89.2,3,4,3,156,2022,26,LVR,5,2,53,83,30,63.9,656,4,3,0,4.8,3.6,89.2,7,47,7.78,7.9,7.24,6.16,12.4,131.2,43.3,0,2,0,0,0,156,14.2,QB
24,Brett Rypien,15.4,63.8,1,2,4,175,2022,26,DEN,4,2,53,88,35,60.2,483,2,4,1,2.3,4.5,63.8,8,47,8.33,5.5,3.9,3.08,9.1,120.8,41.7,1,1,0,0,0,175,15.4,QB
25,Jameis Winston,18.6,79.5,2,4,5,196,2022,28,NOR,3,3,73,115,42,63.5,858,4,5,1,3.5,4.3,79.5,11,74,8.73,7.5,6.2,5.07,11.8,286,43.7,1,2,0,1,1,196,18.6,QB
26,Bailey Zappe,19.7,100.9,2,5,3,207,2022,23,NWE,4,2,65,92,27,70.7,781,5,3,0,5.4,3.3,100.9,6,40,6.12,8.5,8.11,7.2,12,195.3,50,2,0,0,0,0,207,19.7,QB
27,Malik Willis,20.4,42.8,1,0,3,211,2022,23,TEN,8,3,31,61,30,50.8,276,0,3,0,0,4.9,42.8,10,49,14.08,4.5,2.31,1.3,8.9,34.5,29.6,1,2,0,0,0,211,20.4,QB
28,Skylar Thompson,20,62.2,2,1,3,211,2022,25,MIA,7,2,60,105,45,57.1,534,1,3,0,1,2.9,62.2,6,40,5.41,5.1,3.99,3.41,8.9,76.3,36,1,1,0,0,1,211,20,QB
29,Sam Ehlinger,19.3,76.1,2,3,3,222,2022,24,IND,4,3,64,101,37,63.4,573,3,3,2,3,3,76.1,14,87,12.17,5.7,4.93,3.57,9,143.3,40.9,0,3,0,0,0,222,19.3,QB
30,Colt McCoy,19,76.6,2,1,3,229,2022,36,ARI,4,3,90,132,42,68.2,780,1,3,0,0.8,2.3,76.6,13,97,8.97,5.9,5.04,3.92,8.7,195,39.3,1,2,0,0,0,229,19,QB
31,P.J. Walker,25.6,78,2,3,3,260,2022,27,CAR,6,5,63,106,43,59.4,731,3,3,1,2.8,2.8,78,7,46,6.19,6.9,6.19,5.4,11.6,121.8,35.4,2,3,0,0,0,260,25.6,QB
32,Tyler Huntley,24.5,77.2,3,2,3,268,2022,24,BAL,6,4,75,112,37,67,658,2,3,0,1.8,2.7,77.2,7,34,5.88,5.9,5.03,4.45,8.8,109.7,42.9,2,2,0,1,1,268,24.5,QB
33,Desmond Ridder,25.8,86.4,3,2,0,271,2022,23,ATL,4,4,73,115,42,63.5,708,2,0,0,1.7,0,86.4,9,33,7.26,6.2,6.5,5.77,9.7,177,43.5,2,2,0,1,1,271,25.8,QB
34,Mike White,25.6,75.7,3,3,4,285,2022,27,NYJ,4,4,103,175,72,58.9,1192,3,4,0,1.7,2.3,75.7,9,76,4.89,6.8,6.13,5.41,11.6,298,41.3,1,3,0,0,0,285,25.6,QB
35,Joe Flacco,26.5,75.2,1,5,3,295,2022,37,NYJ,5,4,110,191,81,57.6,1051,5,3,0,2.6,1.6,75.2,10,66,4.98,5.5,5.32,4.73,9.6,210.2,39.3,1,3,0,1,1,295,26.5,QB
36,Taysom Hill,31,146.3,4,2,0,326,2022,32,NOR,16,8,13,19,6,68.4,240,2,0,0,10.5,0,146.3,2,14,9.52,12.6,14.74,12.67,18.5,15,57.1,,,,0,0,326,31,TE/QB
37,Cooper Rush,29.3,80,4,5,3,341,2022,29,DAL,9,5,94,162,68,58,1051,5,3,0,3.1,1.9,80,7,49,4.14,6.5,6.27,5.72,11.2,116.8,38.5,4,1,0,0,2,341,29.3,QB
38,Mitchell Trubisky,30.7,81.1,4,4,5,356,2022,28,PIT,7,5,117,180,63,65,1252,4,5,0,2.2,2.8,81.1,11,68,5.76,7,6.15,5.44,10.7,178.9,45.5,2,3,0,0,1,356,30.7,QB
39,Sam Darnold,37.1,92.6,4,7,3,377,2022,25,CAR,6,6,82,140,58,58.6,1143,7,3,0,5,2.1,92.6,10,78,6.67,8.2,8.2,7.13,13.9,190.5,44,4,2,0,0,1,377,37.1,QB
40,Brock Purdy,34.5,107.3,6,13,4,380,2022,23,SFO,9,5,114,170,56,67.1,1374,13,4,0,7.6,2.4,107.3,11,84,6.08,8.1,8.55,7.57,12.1,152.7,50.3,5,0,0,1,1,380,34.5,QB
41,Deshaun Watson,33,79.1,4,7,5,387,2022,27,CLE,6,6,99,170,71,58.2,1102,7,5,0,4.1,2.9,79.1,20,106,10.53,6.5,5.98,4.79,11.1,183.7,41.6,3,3,0,0,0,387,33,QB
42,Zach Wilson,45.2,72.8,4,6,7,504,2022,23,NYJ,9,9,132,242,110,54.5,1688,6,7,0,2.5,2.9,72.8,23,175,8.68,7,6.17,4.97,12.8,187.6,37.7,5,4,0,1,2,504,45.2,QB
43,Carson Wentz,42.9,80.2,4,11,9,510,2022,30,WAS,8,7,172,276,104,62.3,1755,11,9,0,4,3.3,80.2,26,159,8.61,6.4,5.69,4.67,10.2,219.4,42.4,2,5,0,2,2,510,42.9,QB
44,Matthew Stafford,52.2,87.4,7,10,8,534,2022,34,LAR,9,9,206,303,97,68,2087,10,8,2,3.3,2.6,87.4,29,208,8.73,6.9,6.36,5.18,10.1,231.9,49.7,3,6,0,0,0,534,52.2,QB
45,Taylor Heinicke,51.6,89.6,6,12,6,614,2022,29,WAS,9,9,161,259,98,62.2,1859,12,6,1,4.6,2.3,89.6,19,141,6.83,7.2,7.06,6.07,11.5,206.6,43.2,5,3,1,2,1,614,51.6,QB
46,Jimmy Garoppolo,55.8,103,10,16,4,614,2022,31,SFO,11,10,207,308,101,67.2,2437,16,4,0,5.2,1.3,103,18,100,5.52,7.9,8.37,7.6,11.8,221.5,53.1,7,3,0,1,1,614,55.8,QB
47,Baker Mayfield,31.8,79,6,10,8,649,2022,27,CARLAR,12,10,201,335,134,60,2163,10,8,1,3,2.4,79,36,217,9.7,6.5,5.98,4.81,10.8,180.3,38,2,8,0,1,1,649,31.8,QB
48,Ryan Tannehill,66.3,94.6,8,13,6,686,2022,34,TEN,12,12,212,325,113,65.2,2536,13,6,1,4,1.8,94.6,33,238,9.22,7.8,7.77,6.39,12,211.3,45.3,6,6,0,0,0,686,66.3,QB
49,Tua Tagovailoa,66.7,105.5,12,25,8,705,2022,24,MIA,13,13,259,400,141,64.8,3548,25,8,0,6.3,2,105.5,21,163,4.99,8.9,9.22,8.37,13.7,272.9,49.9,8,5,0,2,2,705,66.7,QB
50,Kyler Murray,59.7,87.2,8,14,7,719,2022,25,ARI,11,11,259,390,131,66.4,2368,14,7,1,3.6,1.8,87.2,25,192,6.02,6.1,5.98,5.16,9.1,215.3,45.1,3,8,0,1,1,719,59.7,QB
51,Lamar Jackson,66.4,91.1,12,17,7,728,2022,25,BAL,12,12,203,326,123,62.3,2242,17,7,0,5.2,2.1,91.1,26,114,7.39,6.9,6.95,6.12,11,186.8,44.6,8,4,0,1,2,728,66.4,QB
52,Andy Dalton,70,95.2,8,18,9,736,2022,35,NOR,14,14,252,378,126,66.7,2871,18,9,2,4.8,2.4,95.2,25,189,6.2,7.6,7.48,6.54,11.4,205.1,48.9,6,8,0,1,1,736,70,QB
53,Marcus Mariota,73.8,88.2,11,15,9,776,2022,29,ATL,13,13,184,300,116,61.3,2219,15,9,0,5,3,88.2,28,195,8.54,7.4,7.05,5.85,12.1,170.7,45.1,5,8,0,2,3,776,73.8,QB
54,Jacoby Brissett,67,88.9,10,12,6,787,2022,30,CLE,16,11,236,369,133,64,2608,12,6,0,3.3,1.6,88.9,24,160,6.11,7.1,6.99,6.15,11.1,163,44.5,4,7,0,2,2,787,67,QB
55,Kenny Pickett,69.3,76.7,7,7,9,804,2022,24,PIT,13,12,245,389,144,63,2404,7,9,0,1.8,2.3,76.7,27,182,6.49,6.2,5.5,4.7,9.8,184.9,44,7,5,0,3,4,804,69.3,QB
56,Dak Prescott,70.7,91.1,11,23,15,821,2022,29,DAL,12,12,261,394,133,66.2,2860,23,15,3,5.8,3.8,91.1,20,126,4.83,7.3,6.71,6.08,11,238.3,51.7,8,4,0,2,2,821,70.7,QB
57,Mac Jones,78.9,84.8,8,14,11,830,2022,24,NWE,14,14,288,442,154,65.2,2997,14,11,0,3.2,2.5,84.8,34,231,7.14,6.8,6.29,5.36,10.4,214.1,41.4,6,8,0,0,0,830,78.9,QB
58,Matt Ryan,73.5,83.9,7,14,13,846,2022,37,IND,12,12,309,461,152,67,3057,14,13,1,3,2.8,83.9,38,287,7.62,6.6,5.97,4.94,9.9,254.8,44.9,4,7,1,5,4,846,73.5,QB
59,Davis Mills,80.4,78.8,7,17,15,855,2022,24,HOU,15,15,292,479,187,61,3118,17,15,3,3.5,3.1,78.8,31,244,6.08,6.5,5.81,4.98,10.7,207.9,40,3,10,1,2,3,855,80.4,QB
60,Justin Fields,88.7,85.2,16,17,11,917,2022,23,CHI,15,15,192,318,126,60.4,2242,17,11,1,5.3,3.5,85.2,55,359,14.75,7.1,6.56,4.63,11.7,149.5,36.7,3,12,0,1,2,917,88.7,QB
61,Derek Carr,85.8,86.3,12,24,14,946,2022,31,LVR,15,15,305,502,197,60.8,3522,24,14,2,4.8,2.8,86.3,27,191,5.1,7,6.72,6.01,11.5,234.8,42.3,6,9,0,4,3,946,85.8,QB
62,Russell Wilson,84.6,84.4,9,16,11,961,2022,34,DEN,15,15,292,483,191,60.5,3524,16,11,1,3.3,2.3,84.4,55,368,10.22,7.3,6.93,5.54,12.1,234.9,36.2,4,11,0,3,3,961,84.6,QB
63,Jalen Hurts,87.2,101.5,20,22,6,1028,2022,24,PHI,15,15,306,460,154,66.5,3701,22,6,1,4.8,1.3,101.5,38,231,7.63,8,8.42,7.31,12.1,246.7,46.4,14,1,0,1,2,1028,87.2,QB
64,Daniel Jones,91.6,92.5,15,15,5,1040,2022,25,NYG,16,16,317,472,155,67.2,3205,15,5,0,3.2,1.1,92.5,44,243,8.53,6.8,6.95,5.89,10.1,200.3,45.7,9,6,1,4,5,1040,91.6,QB
65,Josh Allen,97.8,96.6,20,35,14,1061,2022,26,BUF,16,16,359,567,208,63.3,4283,35,14,0,6.2,2.5,96.6,33,162,5.5,7.6,7.68,6.99,11.9,267.7,52.2,13,3,0,3,4,1061,97.8,QB
66,Aaron Rodgers,97.6,91.1,13,26,12,1068,2022,39,GNB,17,17,350,542,192,64.6,3695,26,12,1,4.8,2.2,91.1,32,258,5.57,6.8,6.78,5.95,10.6,217.4,45.1,8,9,0,3,4,1068,97.6,QB
67,Joe Burrow,98.6,100.8,17,35,12,1091,2022,26,CIN,16,16,414,606,192,68.3,4475,35,12,2,5.8,2,100.8,41,259,6.34,7.4,7.65,6.76,10.8,279.7,50.1,12,4,0,3,4,1091,98.6,QB
68,Geno Smith,100,100.9,15,30,11,1093,2022,32,SEA,17,17,399,572,173,69.8,4282,30,11,1,5.2,1.9,100.9,46,348,7.44,7.5,7.67,6.54,10.7,251.9,48.2,9,8,0,2,3,1093,100,QB
69,Trevor Lawrence,97.6,95.2,14,25,8,1096,2022,23,JAX,17,17,387,584,197,66.3,4113,25,8,0,4.3,1.4,95.2,27,184,4.42,7,7.28,6.66,10.6,241.9,48.1,9,8,0,3,2,1096,97.6,QB
70,Kirk Cousins,95.4,92.5,13,29,14,1114,2022,34,MIN,17,17,424,643,219,65.9,4547,29,14,2,4.5,2.2,92.5,46,329,6.68,7.1,6.99,6.05,10.7,267.5,46.3,13,4,0,8,8,1114,95.4,QB
71,Patrick Mahomes,98.4,105.2,19,41,12,1131,2022,27,KAN,17,17,435,648,213,67.1,5250,41,12,0,6.3,1.9,105.2,26,188,3.86,8.1,8.53,7.93,12.1,308.8,54.6,14,3,0,4,4,1131,98.4,QB
72,Jared Goff,99.2,99.3,16,29,7,1133,2022,28,DET,17,17,382,587,205,65.1,4438,29,7,2,4.9,1.2,99.3,23,156,3.77,7.6,8.01,7.45,11.6,261.1,50.3,9,8,0,3,3,1133,99.2,QB
73,Justin Herbert,97.5,93.2,14,25,10,1162,2022,24,LAC,17,17,477,699,222,68.2,4739,25,10,1,3.6,1.4,93.2,38,206,5.16,6.8,6.85,6.22,9.9,278.8,46.3,10,7,0,4,5,1162,97.5,QB
74,Tom Brady,98,90.7,10,25,9,1192,2022,45,TAM,17,17,490,733,243,66.8,4694,25,9,0,3.4,1.2,90.7,22,160,2.91,6.4,6.53,6.13,9.6,276.1,49.5,8,9,0,4,5,1192,98,QB
1,Tom Brady,96.3,102.1,16,43,12,1139,2021,44,TAM,17,17,485,719,234,67.5,5316,43,12,2,6,1.7,102.1,22,144,2.97,7.4,7.84,7.41,11,312.7,52.6,13,4,0,3,5,1139,96.3,QB
2,Ben Roethlisberger,91.7,86.8,9,22,10,1076,2021,39,PIT,16,16,390,605,215,64.5,3740,22,10,1,3.6,1.7,86.8,38,239,5.91,6.2,6.17,5.43,9.6,233.8,42.6,9,7,0,6,7,1076,91.7,QB
3,Aaron Rodgers,88.1,111.9,15,37,4,983,2021,38,GNB,16,16,366,531,165,68.9,4115,37,4,0,7,0.8,111.9,30,188,5.35,7.7,8.8,8,11.2,257.2,50.6,13,3,0,1,2,983,88.1,QB
4,Joe Flacco,6.1,113,1,3,0,66,2021,36,NYJ,2,1,27,42,15,64.3,338,3,0,0,7.1,0,113,2,13,4.55,8,9.48,8.75,12.5,169,56.8,0,1,0,0,0,66,6.1,QB
5,Chad Henne,2.6,80.7,0,0,0,31,2021,36,KAN,4,0,11,16,5,68.8,82,0,0,0,0,0,80.7,0,0,0,5.1,5.13,5.13,7.5,20.5,62.5,,,,0,0,31,2.6,QB
6,Brian Hoyer,3.7,149.1,1,1,0,41,2021,36,NWE,5,0,9,11,2,81.8,227,1,0,0,9.1,0,149.1,0,0,0,20.6,22.45,22.45,25.2,45.4,81.8,,,,0,0,41,3.7,QB
7,Matt Ryan,97.2,90.4,10,20,12,1023,2021,36,ATL,17,17,375,560,185,67,3968,20,12,2,3.6,2.1,90.4,40,274,6.67,7.1,6.84,5.92,10.6,233.4,46,7,10,0,3,4,1023,97.2,QB
8,Josh Johnson,5.5,99,2,5,2,128,2021,35,NYJBAL,4,1,57,85,28,67.1,638,5,2,0,5.9,2.4,99,3,23,3.41,7.5,7.62,7.1,11.2,159.5,55.7,0,1,0,0,0,128,5.5,QB
9,Colt McCoy,17.8,101.4,3,3,1,209,2021,35,ARI,8,3,74,99,25,74.7,740,3,1,0,3,1,101.4,6,40,5.71,7.5,7.63,6.81,10,92.5,51.4,2,1,0,0,0,209,17.8,QB
10,Andy Dalton,36.7,76.9,3,8,9,412,2021,34,CHI,8,6,149,236,87,63.1,1515,8,9,1,3.4,3.8,76.9,18,143,7.09,6.4,5.38,4.44,10.2,189.4,42.9,3,3,0,1,1,412,36.7,QB
11,Kirk Cousins,95.3,103.1,13,33,7,1087,2021,33,MIN,16,16,372,561,189,66.3,4221,33,7,0,5.9,1.2,103.1,28,197,4.75,7.5,8.14,7.42,11.3,263.8,46.2,8,8,0,3,4,1087,95.3,QB
12,Case Keenum,15.7,91.3,1,3,1,174,2021,33,CLE,7,2,47,72,25,65.3,462,3,1,0,4.2,1.4,91.3,5,29,6.49,6.4,6.63,5.82,9.8,66,49.4,2,0,0,0,0,174,15.7,QB
13,Matthew Stafford,97.8,102.9,15,41,17,1065,2021,33,LAR,17,17,404,601,197,67.2,4886,41,17,4,6.8,2.8,102.9,30,243,4.75,8.1,8.22,7.45,12.1,287.4,52.6,12,5,0,3,4,1065,97.8,QB
14,Ryan Tannehill,98.6,89.6,13,21,14,1168,2021,33,TEN,17,17,357,531,174,67.2,3734,21,14,0,4,2.6,89.6,47,327,8.13,7,6.64,5.53,10.5,219.6,46.2,12,5,0,3,4,1168,98.6,QB
15,Russell Wilson,79.5,103.1,12,25,6,788,2021,33,SEA,14,14,259,400,141,64.8,3113,25,6,0,6.3,1.5,103.1,33,266,7.62,7.8,8.36,7.11,12,222.4,44.6,6,8,0,0,1,788,79.5,QB
16,Nick Foles,6.6,98.5,1,1,0,74,2021,32,CHI,1,1,24,35,11,68.6,250,1,0,0,2.9,0,98.5,4,21,10.26,7.1,7.71,6.38,10.4,250,46.2,1,0,0,1,1,74,6.6,QB
17,Blaine Gabbert,3.7,80.5,0,0,0,44,2021,32,TAM,6,0,7,11,4,63.6,67,0,0,0,0,0,80.5,1,10,8.33,6.1,6.09,4.75,9.6,11.2,41.7,,,,0,0,44,3.7,QB
18,Cam Newton,21.9,64.4,3,4,5,252,2021,32,CAR,8,5,69,126,57,54.8,684,4,5,1,3.2,4,64.4,10,83,7.35,5.4,4.28,3.35,9.9,85.5,39,0,5,0,0,0,252,21.9,QB
19,Tyrod Taylor,30.3,76.7,2,5,5,323,2021,32,HOU,6,6,91,150,59,60.7,966,5,5,0,3.3,3.3,76.7,13,119,7.98,6.4,5.61,4.43,10.6,161,44.8,2,4,0,0,0,323,30.3,QB
20,Taysom Hill,39.5,75.4,6,4,5,431,2021,31,NOR,12,9,78,134,56,58.2,978,4,5,1,3,3.7,75.4,9,64,6.29,7.3,6.22,5.38,12.5,81.5,42,4,1,0,0,0,431,39.5,QB/WR
21,Geno Smith,20.5,103,2,5,1,203,2021,31,SEA,4,3,65,95,30,68.4,702,5,1,0,5.3,1.1,103,13,117,12.04,7.4,7.97,5.93,10.8,175.5,44.4,1,2,0,0,0,203,20.5,QB
22,Derek Carr,98.9,94,12,23,14,1127,2021,30,LVR,17,17,428,626,198,68.4,4804,23,14,2,3.7,2.2,94,40,241,6.01,7.7,7.4,6.6,11.2,282.6,49.7,10,7,0,3,6,1127,98.9,QB
23,Jimmy Garoppolo,83.7,98.7,12,20,12,913,2021,30,SFO,15,15,301,441,140,68.3,3810,20,12,0,4.5,2.7,98.7,29,201,6.17,8.6,8.32,7.38,12.7,254,50.4,9,6,0,3,3,913,83.7,QB
24,Garrett Gilbert,4.9,81.9,1,0,0,55,2021,30,WAS,1,1,20,31,11,64.5,194,0,0,0,0,0,81.9,2,20,6.06,6.3,6.26,5.27,9.7,194,42.4,0,1,0,0,0,55,4.9,QB
25,Trevor Siemian,32.9,88.4,4,11,3,359,2021,30,NOR,6,4,108,188,80,57.4,1154,11,3,1,5.9,1.6,88.4,9,64,4.57,6.1,6.59,5.96,10.7,192.3,41.1,0,4,0,1,1,359,32.9,QB
26,Brandon Allen,8.4,81.6,0,2,0,92,2021,29,CIN,6,1,17,34,17,50,149,2,0,0,5.9,0,81.6,4,33,10.53,4.4,5.56,4.11,8.8,24.8,21.1,0,1,0,0,1,92,8.4,QB
27,Teddy Bridgewater,78.1,94.9,10,18,7,844,2021,29,DEN,14,14,285,426,141,66.9,3052,18,7,1,4.2,1.6,94.9,31,211,6.78,7.2,7.27,6.32,10.7,218,46,7,7,0,0,1,844,78.1,QB
28,Jacoby Brissett,32.6,78.1,2,5,4,376,2021,29,MIA,11,5,141,225,84,62.7,1283,5,4,0,2.2,1.8,78.1,19,132,7.79,5.7,5.35,4.39,9.1,116.6,46.3,2,3,0,0,0,376,32.6,QB
29,Sean Mannion,4.5,84.1,1,1,0,51,2021,29,MIN,1,1,22,36,14,61.1,189,1,0,0,2.8,0,84.1,2,15,5.26,5.3,5.81,5.11,8.6,189,31.6,0,1,0,0,0,51,4.5,QB
30,Carson Wentz,98,94.6,14,27,7,1091,2021,29,IND,17,17,322,516,194,62.4,3563,27,7,1,5.2,1.4,94.6,32,227,5.84,6.9,7.34,6.5,11.1,209.6,44,9,8,0,0,0,1091,98,QB
31,Taylor Heinicke,90.4,85.9,11,20,15,1019,2021,28,WAS,16,15,321,494,173,65,3419,20,15,1,4,3,85.9,38,278,7.14,6.9,6.36,5.39,10.7,213.7,44.9,7,8,0,3,4,1019,90.4,QB
32,Dak Prescott,90.6,104.2,14,37,10,1113,2021,28,DAL,16,16,410,596,186,68.8,4449,37,10,1,6.2,1.7,104.2,30,144,4.79,7.5,7.95,7.34,10.9,278.1,51.4,11,5,0,1,2,1113,90.6,QB
33,Cooper Rush,9.2,105.1,1,3,1,113,2021,28,DAL,5,1,30,47,17,63.8,422,3,1,0,6.4,2.1,105.1,3,19,6,9,9.3,8.36,14.1,84.4,40,1,0,0,1,1,113,9.2,QB
34,Tim Boyle,16.3,63.5,2,3,6,180,2021,27,DET,5,3,61,94,33,64.9,526,3,6,0,3.2,6.4,63.5,0,0,0,5.6,3.36,3.36,8.6,105.2,44.7,0,3,0,0,0,180,16.3,QB
35,Jared Goff,83.3,91.5,10,19,8,918,2021,27,DET,14,14,332,494,162,67.2,3245,19,8,1,3.8,1.6,91.5,35,280,6.62,6.6,6.61,5.64,9.8,231.8,46.9,3,10,1,2,2,918,83.3,QB
36,Mitchell Trubisky,2.8,47.4,0,0,1,33,2021,27,BUF,6,0,6,8,2,75,43,0,1,0,0,12.5,47.4,0,0,0,5.4,-0.25,-0.25,7.2,7.2,50,,,,0,0,33,2.8,QB
37,Jameis Winston,34,102.8,5,14,3,371,2021,27,NOR,7,7,95,161,66,59,1170,14,3,0,8.7,1.9,102.8,11,69,6.4,7.3,8.17,7.24,12.3,167.1,44.8,5,2,0,0,1,371,34,QB
38,Patrick Mahomes,97.4,98.5,18,37,13,1164,2021,26,KAN,17,17,436,658,222,66.3,4839,37,13,1,5.6,2,98.5,28,146,4.08,7.4,7.59,7.07,11.1,284.6,53.2,12,5,0,3,3,1164,97.4,QB
39,Baker Mayfield,79.2,83.1,10,17,13,877,2021,26,CLE,14,14,253,418,165,60.5,3010,17,13,0,4.1,3.1,83.1,43,269,9.33,7.2,6.61,5.41,11.9,215,44.3,6,8,0,0,0,877,79.2,QB
40,Nick Mullens,5.1,89.2,0,1,0,56,2021,26,CLE,1,1,20,30,10,66.7,147,1,0,0,3.3,0,89.2,0,0,0,4.9,5.57,5.57,7.4,147,40,0,1,0,0,0,56,5.1,QB
41,Mason Rudolph,8.3,70.8,1,1,1,97,2021,26,PIT,2,1,35,58,23,60.3,277,1,1,0,1.7,1.7,70.8,0,0,0,4.8,4.34,4.34,7.9,138.5,41.4,0,0,1,1,0,97,8.3,QB
42,P.J. Walker,11,56.5,1,1,3,126,2021,26,CAR,5,1,36,66,30,54.5,362,1,3,0,1.5,4.5,56.5,7,47,9.59,5.5,3.74,2.74,10.1,72.4,35.6,1,0,0,0,0,126,11,QB
43,Mike White,19.4,75.1,2,5,8,211,2021,26,NYJ,4,3,88,132,44,66.7,953,5,8,0,3.8,6.1,75.1,4,18,2.94,7.2,5.25,4.96,10.8,238.3,53.7,1,2,0,1,1,211,19.4,QB
44,Josh Allen,96.9,92.2,19,36,15,1161,2021,25,BUF,17,17,409,646,237,63.3,4407,36,15,0,5.6,2.3,92.2,26,164,3.87,6.8,6.89,6.38,10.8,259.2,49.4,11,6,0,0,0,1161,96.9,QB
45,Kyle Allen,3.3,98.6,0,1,0,37,2021,25,WAS,2,0,12,19,7,63.2,120,1,0,0,5.3,0,98.6,2,5,9.52,6.3,7.37,6.43,10,60,42.9,,,,0,0,37,3.3,QB
46,Joe Burrow,91.6,108.3,15,34,14,1007,2021,25,CIN,16,16,366,520,154,70.4,4611,34,14,2,6.5,2.7,108.3,51,370,8.93,8.9,8.96,7.51,12.6,288.2,47.6,10,6,0,2,3,1007,91.6,QB
47,Drew Lock,21.6,80.4,3,2,2,234,2021,25,DEN,6,3,67,111,44,60.4,787,2,2,0,1.8,1.8,80.4,9,52,7.5,7.1,6.64,5.71,11.7,131.2,36.7,0,3,0,0,0,234,21.6,QB
48,Gardner Minshew II,14.8,104.8,2,4,1,166,2021,25,PHI,4,2,41,60,19,68.3,439,4,1,0,6.7,1.7,104.8,5,31,7.69,7.3,7.9,6.82,10.7,109.8,46.2,1,1,0,0,0,166,14.8,QB
49,Sam Darnold,67.1,71.9,6,9,13,771,2021,24,CAR,12,11,243,406,163,59.9,2527,9,13,1,2.2,3.2,71.9,35,204,7.94,6.2,5.23,4.35,10.4,210.6,41,4,7,0,0,0,771,67.1,QB
50,Lamar Jackson,65.2,87,11,16,13,810,2021,24,BAL,12,12,246,382,136,64.4,2882,16,13,1,4.2,3.4,87,38,190,9.05,7.5,6.85,5.78,11.7,240.2,46.9,7,5,0,4,4,810,65.2,QB
51,Daniel Jones,61.1,84.8,7,10,7,673,2021,24,NYG,11,11,232,361,129,64.3,2428,10,7,0,2.8,1.9,84.8,22,160,5.74,6.7,6.41,5.62,10.5,220.7,43.9,4,7,0,1,1,673,61.1,QB
52,Kyler Murray,80.1,100.6,16,24,10,940,2021,24,ARI,14,14,333,481,148,69.2,3787,24,10,1,5,2.1,100.6,31,286,6.05,7.9,7.94,6.9,11.4,270.5,49.6,9,5,0,1,1,940,80.1,QB
53,Josh Rosen,2.5,0,0,0,2,26,2021,24,ATL,4,0,2,11,9,18.2,19,0,2,1,0,18.2,0,0,0,0,1.7,-6.45,-6.45,9.5,4.8,18.2,,,,0,0,26,2.5,QB
54,Ian Book,4.6,40.6,0,0,2,50,2021,23,NOR,1,1,12,20,8,60,135,0,2,1,0,10,40.6,8,54,28.57,6.8,2.25,-0.32,11.3,135,28.6,0,1,0,0,0,50,4.6,QB
55,Jake Fromm,10.3,38.9,1,1,3,113,2021,23,NYG,3,2,27,60,33,45,210,1,3,1,1.7,5,38.9,6,33,9.09,3.5,1.58,0.94,7.8,70,27.3,0,2,0,0,0,113,10.3,QB
56,Justin Herbert,99.6,97.7,18,38,15,1191,2021,23,LAC,17,17,443,672,229,65.9,5014,38,15,3,5.7,2.2,97.7,31,214,4.41,7.5,7.59,6.95,11.3,294.9,51.1,9,8,0,5,5,1191,99.6,QB
57,Tyler Huntley,30,76.6,2,3,4,373,2021,23,BAL,7,4,122,188,66,64.9,1081,3,4,0,1.6,2.1,76.6,18,107,8.74,5.8,5.11,4.15,8.9,154.4,41.3,1,3,0,1,1,373,30,QB
58,Jalen Hurts,85.2,87.2,17,16,9,954,2021,23,PHI,15,15,265,432,167,61.3,3144,16,9,1,3.7,2.1,87.2,26,150,5.68,7.3,7.08,6.35,11.9,209.6,43.9,8,7,0,2,2,954,85.2,QB
59,Mac Jones,96.3,92.5,14,22,13,1065,2021,23,NWE,17,17,352,521,169,67.6,3801,22,13,3,4.2,2.5,92.5,28,241,5.1,7.3,7.02,6.22,10.8,223.6,49,10,7,0,1,1,1065,96.3,QB
60,Jordan Love,11.7,68.7,2,2,3,131,2021,23,GNB,6,1,36,62,26,58.1,411,2,3,0,3.2,4.8,68.7,3,23,4.62,6.6,5.1,4.51,11.4,68.5,38.5,0,1,0,0,0,131,11.7,QB
61,Davis Mills,69.7,88.8,7,16,10,743,2021,23,HOU,13,11,263,394,131,66.8,2664,16,10,0,4.1,2.5,88.8,31,206,7.29,6.8,6.43,5.48,10.1,204.9,44,2,9,0,0,0,743,69.7,QB
62,Tua Tagovailoa,67.3,90.1,7,16,10,777,2021,23,MIA,13,12,263,388,125,67.8,2653,16,10,1,4.1,2.6,90.1,20,152,4.9,6.8,6.5,5.81,10.1,204.1,50.2,7,5,0,0,2,777,67.3,QB
63,Justin Fields,56.6,73.2,6,7,10,635,2021,22,CHI,12,10,159,270,111,58.9,1870,7,10,1,2.6,3.7,73.2,36,264,11.76,6.9,5.78,4.24,11.8,155.8,38.2,2,8,0,0,0,635,56.6,QB
64,Trevor Lawrence,99.4,71.9,7,12,17,1078,2021,22,JAX,17,17,359,602,243,59.6,3641,12,17,1,2,2.8,71.9,32,238,5.05,6,5.18,4.54,10.1,214.2,44.6,3,14,0,1,2,1078,99.4,QB
65,Zach Wilson,68.2,69.7,5,9,11,741,2021,22,NYJ,13,13,213,383,170,55.6,2334,9,11,0,2.3,2.9,69.7,44,370,10.3,6.1,5.27,3.86,11,179.5,37,3,10,0,1,1,741,68.2,QB
66,Trey Lance,16.3,97.3,3,5,2,178,2021,21,SFO,6,2,41,71,30,57.7,603,5,2,0,7,2.8,97.3,4,15,5.33,8.5,8.63,7.97,14.7,100.5,38.7,1,1,0,0,0,178,16.3,QB
1,Tom Brady,95.4,102.2,15,40,12,1024,2020,43,TAM,16,16,401,610,209,65.7,4633,40,12,2,6.6,2,102.2,21,143,3.33,7.6,8.02,7.53,11.6,289.6,49.6,11,5,0,3,3,1024,95.4,QB
2,Drew Brees,66.6,106.4,10,24,6,717,2020,41,NOR,12,12,275,390,115,70.5,2942,24,6,0,6.2,1.5,106.4,13,89,3.23,7.5,8.08,7.6,10.7,245.2,52.6,9,3,0,1,3,717,66.6,QB
3,Philip Rivers,95.7,97,13,24,11,1045,2020,39,IND,16,16,369,543,174,68,4169,24,11,1,4.4,2,97,19,118,3.38,7.7,7.65,7.18,11.3,260.6,51.1,11,5,0,2,3,1045,95.7,QB
4,Ryan Fitzpatrick,46.5,95.6,7,13,8,496,2020,38,MIA,9,7,183,267,84,68.5,2091,13,8,0,4.9,3,95.6,14,65,4.98,7.8,7.46,6.85,11.4,232.3,54.4,4,3,0,1,1,496,46.5,QB
5,Ben Roethlisberger,91.8,94.1,10,33,10,1010,2020,38,PIT,15,15,399,608,209,65.6,3803,33,10,1,5.4,1.6,94.1,13,118,2.09,6.3,6.6,6.27,9.5,253.5,48.6,12,3,0,4,4,1010,91.8,QB
6,Aaron Rodgers,97.9,121.5,18,48,5,1017,2020,37,GNB,16,16,372,526,154,70.7,4299,48,5,1,9.1,1,121.5,20,182,3.66,8.2,9.57,8.89,11.6,268.7,55.3,13,3,0,1,2,1017,97.9,QB
7,Alex Smith,42.1,78.5,1,6,8,459,2020,36,WAS,8,6,168,252,84,66.7,1582,6,8,0,2.4,3.2,78.5,22,139,8.03,6.3,5.33,4.39,9.4,197.8,43.4,5,1,0,1,1,459,42.1,QB
8,Joe Flacco,25.3,80.6,2,6,3,250,2020,35,NYJ,5,4,74,134,60,55.2,864,6,3,1,4.5,2.2,80.6,7,69,4.96,6.4,6.34,5.53,11.7,172.8,41.8,0,4,0,0,0,250,25.3,QB
9,Chad Henne,6.8,108.2,1,2,0,75,2020,35,KAN,3,1,28,38,10,73.7,248,2,0,0,5.3,0,108.2,2,4,5,6.5,7.58,7.1,8.9,82.7,50,0,1,0,0,0,75,6.8,QB
10,Brian Hoyer,4.9,59.4,0,0,1,50,2020,35,NWE,1,1,15,24,9,62.5,130,0,1,0,0,4.2,59.4,2,18,7.69,5.4,3.54,2.58,8.7,130,42.3,0,1,0,0,0,50,4.9,QB
11,Matt Ryan,99.1,93.3,13,26,11,1113,2020,35,ATL,16,16,407,626,219,65,4581,26,11,0,4.2,1.8,93.3,41,257,6.15,7.3,7.36,6.52,11.3,286.3,47.8,4,12,0,0,0,1113,99.1,QB
12,Chase Daniel,6.2,72.2,1,1,2,65,2020,34,DET,4,0,29,43,14,67.4,264,1,2,0,2.3,4.7,72.2,3,29,6.52,6.1,4.51,3.59,9.1,66,45.7,,,,0,0,65,6.2,QB
13,Colt McCoy,14.3,75,1,1,1,145,2020,34,NYG,4,2,40,66,26,60.6,375,1,1,0,1.5,1.5,75,5,24,7.04,5.7,5.3,4.59,9.4,93.8,36.6,1,1,0,0,0,145,14.3,QB
14,Andy Dalton,54.1,87.3,5,14,8,621,2020,33,DAL,11,9,216,333,117,64.9,2170,14,8,1,4.2,2.4,87.3,24,184,6.72,6.5,6.28,5.34,10,197.3,48.2,4,5,0,2,3,621,54.1,QB
15,Kirk Cousins,99.8,105,14,35,13,1082,2020,32,MIN,16,16,349,516,167,67.6,4265,35,13,1,6.8,2.5,105,39,256,7.03,8.3,8.49,7.43,12.2,266.6,51.2,7,9,0,1,3,1082,99.8,QB
16,Matthew Stafford,92.4,96.3,13,26,10,966,2020,32,DET,16,16,339,528,189,64.2,4084,26,10,3,4.9,1.9,96.3,38,254,6.71,7.7,7.87,6.89,12,255.3,47.9,5,11,0,3,4,966,92.4,QB
17,Ryan Tannehill,98,106.5,16,33,7,1052,2020,32,TEN,16,16,315,481,166,65.5,3819,33,7,0,6.9,1.5,106.5,24,173,4.75,7.9,8.66,7.9,12.1,238.7,52.1,11,5,0,5,6,1052,98,QB
18,Russell Wilson,98.3,105.1,17,40,13,1047,2020,32,SEA,16,16,384,558,174,68.8,4212,40,13,1,7.2,2.3,105.1,47,301,7.77,7.5,7.93,6.82,11,263.3,51.4,12,4,0,3,3,1047,98.3,QB
19,Nick Foles,46.3,80.8,3,10,8,496,2020,31,CHI,9,7,202,312,110,64.7,1852,10,8,0,3.2,2.6,80.8,18,145,5.45,5.9,5.42,4.69,9.2,205.8,43.9,2,5,0,2,2,496,46.3,QB
20,Blaine Gabbert,4.6,125.8,1,2,0,49,2020,31,TAM,4,0,9,16,7,56.3,143,2,0,0,12.5,0,125.8,1,7,5.88,8.9,11.44,10.35,15.9,35.8,41.2,,,,0,0,49,4.6,QB
21,Mike Glennon,27.7,80.1,0,7,5,288,2020,31,JAX,5,5,111,179,68,62,1072,7,5,0,3.9,2.8,80.1,9,53,4.79,6,5.51,4.97,9.7,214.4,43.1,0,5,0,0,0,288,27.7,QB
22,Cam Newton,86.6,82.9,12,8,10,876,2020,31,NWE,15,15,242,368,126,65.8,2657,8,10,1,2.2,2.7,82.9,31,195,7.77,7.2,6.43,5.44,11,177.1,45.9,7,8,0,1,3,876,86.6,QB
23,Tyrod Taylor,6.4,75.4,1,0,0,75,2020,31,LAC,2,1,16,30,14,53.3,208,0,0,0,0,0,75.4,2,1,6.25,6.9,6.93,6.47,13,104,37.5,1,0,0,1,1,75,6.4,QB
24,Matt Barkley,4.9,80.9,1,1,1,53,2020,30,BUF,5,0,11,21,10,52.4,197,1,1,0,4.8,4.8,80.9,1,7,4.55,9.4,8.19,7.5,17.9,39.4,40.9,,,,0,0,53,4.9,QB
25,Robert Griffin III,5.9,22.6,1,0,2,61,2020,30,BAL,4,1,8,14,6,57.1,42,0,2,1,0,14.3,22.6,3,20,17.65,3,-3.43,-4,5.3,10.5,23.5,0,1,0,0,0,61,5.9,QB
26,Taysom Hill,43.9,98.8,7,4,2,473,2020,30,NOR,16,8,88,121,33,72.7,928,4,2,0,3.3,1.7,98.8,14,87,10.37,7.7,7.59,6.16,10.5,58,45.2,3,1,0,0,0,473,43.9,QB/WR
27,Derek Carr,93,101.4,14,27,9,1007,2020,29,LVR,16,16,348,517,169,67.3,4103,27,9,2,5.2,1.7,101.4,26,150,4.79,7.9,8.2,7.53,11.8,256.4,50.6,8,8,0,3,5,1007,93,QB
28,Jimmy Garoppolo,27.8,92.4,3,7,5,305,2020,29,SFO,6,6,94,140,46,67.1,1096,7,5,0,5,3.6,92.4,11,77,7.28,7.8,7.22,6.19,11.7,182.7,49,3,3,0,0,0,305,27.8,QB
29,Garrett Gilbert,6.3,72.6,1,1,1,72,2020,29,DAL,1,1,21,38,17,55.3,243,1,1,0,2.6,2.6,72.6,2,23,5,6.4,5.74,4.88,11.6,243,42.5,0,1,0,0,0,72,6.3,QB
30,Brandon Allen,25.7,82,2,5,4,277,2020,28,CIN,5,5,90,142,52,63.4,925,5,4,0,3.5,2.8,82,7,51,4.7,6.5,5.95,5.33,10.3,185,45.6,1,4,0,1,1,277,25.7,QB
31,Teddy Bridgewater,89.8,92.1,13,15,11,928,2020,28,CAR,15,15,340,492,152,69.1,3733,15,11,0,3,2.2,92.1,31,205,5.93,7.6,7.19,6.37,11,248.9,46.1,4,11,0,0,0,928,89.8,QB
32,Jacoby Brissett,4.3,39.6,0,0,0,47,2020,28,IND,11,0,2,8,6,25,17,0,0,0,0,0,39.6,2,15,20,2.1,2.13,0.2,8.5,1.5,10,,,,0,0,47,4.3,QB
33,Carson Wentz,71.6,72.8,5,16,15,809,2020,28,PHI,12,12,251,437,186,57.4,2620,16,15,1,3.7,3.4,72.8,50,326,10.27,6,5.18,3.98,10.4,218.3,40,3,8,1,3,2,809,71.6,QB
34,C.J. Beathard,17,105.7,2,6,0,186,2020,27,SFO,6,2,66,104,38,63.5,787,6,0,0,5.8,0,105.7,9,71,7.96,7.6,8.72,7.4,11.9,131.2,46.9,1,1,0,0,0,186,17,QB
35,Jeff Driskel,10.7,78.4,1,3,2,115,2020,27,DEN,3,1,35,64,29,54.7,432,3,2,0,4.7,3.1,78.4,11,98,14.67,6.8,6.28,4.05,12.3,144,33.3,0,1,0,0,0,115,10.7,QB
36,Taylor Heinicke,2.3,102.3,0,1,0,25,2020,27,WAS,1,0,12,19,7,63.2,137,1,0,0,5.3,0,102.3,1,7,5,7.2,8.26,7.5,11.4,137,55,,,,0,0,25,2.3,QB
37,Marcus Mariota,6,83.3,1,1,1,65,2020,27,LVR,1,0,17,28,11,60.7,226,1,1,0,3.6,3.6,83.3,0,0,0,8.1,7.18,7.18,13.3,226,46.4,,,,0,0,65,6,QB
38,Dak Prescott,31.4,99.6,6,9,4,360,2020,27,DAL,5,5,151,222,71,68,1856,9,4,1,4.1,1.8,99.6,10,66,4.31,8.4,8.36,7.72,12.3,371.2,56,2,3,0,1,1,360,31.4,QB
39,Ryan Finley,8.4,52.1,1,1,2,90,2020,26,CIN,5,1,17,32,15,53.1,164,1,2,0,3.1,6.3,52.1,9,63,21.95,5.1,2.94,0.76,9.6,32.8,24.4,1,0,0,0,0,90,8.4,QB
40,Jared Goff,93.5,90,10,20,13,1046,2020,26,LAR,15,15,370,552,182,67,3952,20,13,1,3.6,2.4,90,23,161,4,7.2,6.82,6.27,10.7,263.5,51.8,9,6,0,0,1,1046,93.5,QB
41,Mitchell Trubisky,53.2,93.5,7,16,8,570,2020,26,CHI,10,9,199,297,98,67,2055,16,8,0,5.4,2.7,93.5,18,125,5.71,6.9,6.78,6,10.3,205.5,53.7,6,3,0,1,1,570,53.2,QB
42,Jameis Winston,5,83.5,0,0,0,54,2020,26,NOR,4,0,7,11,4,63.6,75,0,0,0,0,0,83.5,2,11,15.38,6.8,6.82,4.92,10.7,18.8,38.5,,,,0,0,54,5,QB
43,Patrick Mahomes,93.2,108.2,17,38,6,1027,2020,25,KAN,15,15,390,588,198,66.3,4740,38,6,0,6.5,1,108.2,22,147,3.61,8.1,8.89,8.33,12.2,316,54.1,14,1,0,3,3,1027,93.2,QB
44,Baker Mayfield,98.3,95.9,14,26,8,1046,2020,25,CLE,16,16,305,486,181,62.8,3563,26,8,1,5.3,1.6,95.9,26,162,5.08,7.3,7.66,6.96,11.7,222.7,49.4,11,5,0,2,2,1046,98.3,QB
45,Nick Mullens,55,84.1,6,12,12,603,2020,25,SFO,10,8,211,326,115,64.7,2437,12,12,2,3.7,3.7,84.1,19,139,5.51,7.5,6.56,5.79,11.5,243.7,47.5,2,6,0,1,1,603,55,QB
46,Mason Rudolph,7.2,87.7,1,2,1,79,2020,25,PIT,5,1,25,43,18,58.1,324,2,1,0,4.7,2.3,87.7,1,8,2.27,7.5,7.42,7.07,13,64.8,36.4,0,1,0,0,0,79,7.2,QB
47,Chris Streveler,2.7,81.5,0,1,1,30,2020,25,ARI,5,0,11,16,5,68.8,105,1,1,1,6.3,6.3,81.5,2,10,11.11,6.6,5,3.89,9.5,21,33.3,,,,0,0,30,2.7,QB
48,P.J. Walker,10.4,45.8,1,1,5,107,2020,25,CAR,4,1,32,56,24,57.1,368,1,5,0,1.8,8.9,45.8,4,31,6.67,6.6,2.91,2.2,11.5,92,36.7,1,0,0,0,0,107,10.4,QB
49,Deshaun Watson,99.8,112.4,16,33,7,978,2020,25,HOU,16,16,382,544,162,70.2,4823,33,7,0,6.1,1.3,112.4,49,293,8.26,8.9,9.5,8.22,12.6,301.4,54.5,4,12,0,0,0,978,99.8,QB
50,John Wolford,6.5,64.7,1,0,1,73,2020,25,LAR,1,1,22,38,16,57.9,231,0,1,0,0,2.6,64.7,2,8,5,6.1,4.89,4.45,10.5,231,35,1,0,0,0,0,73,6.5,QB
51,Josh Allen,95.1,107.2,18,37,10,1035,2020,24,BUF,16,16,396,572,176,69.2,4544,37,10,0,6.5,1.7,107.2,26,159,4.35,7.9,8.45,7.82,11.5,284,56.5,13,3,0,2,3,1035,95.1,QB
52,Kyle Allen,16.3,99.3,2,4,1,177,2020,24,WAS,4,4,60,87,27,69,610,4,1,0,4.6,1.1,99.3,7,44,7.45,7,7.41,6.39,10.2,152.5,46.8,1,3,0,0,0,177,16.3,QB
53,Joe Burrow,65.9,89.8,7,13,5,709,2020,24,CIN,10,10,264,404,140,65.3,2688,13,5,0,3.2,1.2,89.8,32,231,7.34,6.7,6.74,5.72,10.2,268.8,47.2,2,7,1,0,0,709,65.9,QB
54,Ben DiNucci,8.2,67.9,1,0,0,94,2020,24,DAL,3,1,23,43,20,53.5,219,0,0,0,0,0,67.9,7,73,14,5.1,5.09,2.92,9.5,73,34,0,1,0,0,0,94,8.2,QB
55,Drew Lock,77.6,75.4,6,16,15,835,2020,24,DEN,13,13,254,443,189,57.3,2933,16,15,1,3.6,3.4,75.4,19,123,4.11,6.6,5.82,5.31,11.5,225.6,41.1,4,9,0,1,1,835,77.6,QB
56,Jake Luton,18.4,54.5,2,2,6,191,2020,24,JAX,3,3,60,110,50,54.5,624,2,6,0,1.8,5.5,54.5,7,52,5.98,5.7,3.58,2.92,10.4,208,41,0,3,0,0,0,191,18.4,QB
57,Gardner Minshew II,53.8,95.9,7,16,5,558,2020,24,JAX,9,8,216,327,111,66.1,2259,16,5,0,4.9,1.5,95.9,27,147,7.63,6.9,7.2,6.23,10.5,251,48,1,7,0,1,1,558,53.8,QB
58,Brett Rypien,7.7,66.1,1,2,4,83,2020,24,DEN,3,1,27,40,13,67.5,295,2,4,1,5,10,66.1,1,0,2.44,7.4,3.88,3.78,10.9,98.3,48.8,1,0,0,1,1,83,7.7,QB
59,Jarrett Stidham,8.4,54.7,1,2,3,85,2020,24,NWE,5,0,22,44,22,50,256,2,3,1,4.5,6.8,54.7,4,21,8.33,5.8,3.66,2.92,11.6,51.2,33.3,,,,0,0,85,8.4,QB
60,Sam Darnold,74.7,72.7,4,9,11,739,2020,23,NYJ,12,12,217,364,147,59.6,2208,9,11,2,2.5,3,72.7,35,234,8.77,6.1,5.2,4.16,10.2,184,38.3,2,10,0,0,0,739,74.7,QB
61,Dwayne Haskins,39.3,73,1,5,7,428,2020,23,WAS,7,6,148,241,93,61.4,1439,5,7,0,2.1,2.9,73,20,141,7.66,6,5.08,4.15,9.7,205.6,37.9,1,5,0,1,1,428,39.3,QB
62,Lamar Jackson,89.4,99.3,18,26,9,917,2020,23,BAL,15,15,242,376,134,64.4,2757,26,9,1,6.9,2.4,99.3,29,160,7.16,7.3,7.64,6.7,11.4,183.8,46.2,11,4,0,1,1,917,89.4,QB
63,Daniel Jones,85.7,80.4,9,11,10,868,2020,23,NYG,14,14,280,448,168,62.5,2943,11,10,0,2.5,2.2,80.4,45,286,9.13,6.6,6.06,4.92,10.5,210.2,42.8,5,9,0,0,0,868,85.7,QB
64,Kyler Murray,97.3,94.3,16,26,12,1102,2020,23,ARI,16,16,375,558,183,67.2,3971,26,12,1,4.7,2.2,94.3,27,176,4.62,7.1,7.08,6.45,10.6,248.2,48.9,8,8,0,3,4,1102,97.3,QB
65,Justin Herbert,93.4,98.3,13,31,10,1097,2020,22,LAC,15,15,396,595,199,66.6,4336,31,10,0,5.2,1.7,98.3,32,218,5.1,7.3,7.57,6.84,10.9,289.1,47.8,6,9,0,1,3,1097,93.4,QB
66,Tyler Huntley,2.7,64.6,0,0,0,28,2020,22,BAL,2,0,3,5,2,60,15,0,0,0,0,0,64.6,0,0,0,3,3,3,5,7.5,20,,,,0,0,28,2.7,QB
67,Jalen Hurts,29.6,77.6,4,6,4,334,2020,22,PHI,15,4,77,148,71,52,1061,6,4,0,4.1,2.7,77.6,13,59,8.07,7.2,6.76,5.85,13.8,70.7,38.5,1,3,0,0,0,334,29.6,QB
68,Tua Tagovailoa,53.5,87.1,5,11,5,571,2020,22,MIA,10,9,186,290,104,64.1,1814,11,5,1,3.8,1.7,87.1,20,136,6.45,6.3,6.24,5.4,9.8,181.4,47.7,6,3,0,2,2,571,53.5,QB
1,Tom Brady,98.8,88,12,24,8,1135,2019,42,NWE,16,16,373,613,240,60.8,4057,24,8,1,3.9,1.3,88,27,185,4.22,6.6,6.81,6.24,10.9,253.6,44.1,12,4,0,1,1,1135,98.8,QB
2,Drew Brees,59.7,116.3,11,27,4,635,2019,40,NOR,11,11,281,378,97,74.3,2979,27,4,0,7.1,1.1,116.3,12,89,3.08,7.9,8.83,8.33,10.6,270.8,56.2,8,3,0,1,2,635,59.7,QB
3,Eli Manning,23.3,82.6,3,6,5,248,2019,38,NYG,4,4,91,147,56,61.9,1042,6,5,0,4.1,3.4,82.6,5,44,3.29,7.1,6.37,5.88,11.5,260.5,46.7,1,3,0,0,0,248,23.3,QB
4,Philip Rivers,97.5,88.5,13,23,20,1030,2019,38,LAC,16,16,390,591,201,66,4615,23,20,1,3.9,3.4,88.5,34,222,5.44,7.8,7.06,6.32,11.8,288.4,49.6,5,11,0,1,2,1030,97.5,QB
5,Matt Schaub,8.5,109,2,3,1,99,2019,38,ATL,6,1,50,67,17,74.6,580,3,1,0,4.5,1.5,109,2,19,2.9,8.7,8.88,8.35,11.6,96.7,59.4,0,1,0,0,0,99,8.5,QB
6,Ryan Fitzpatrick,81.4,85.5,10,20,13,878,2019,37,MIA,15,13,311,502,191,62,3529,20,13,2,4,2.6,85.5,40,209,7.38,7,6.66,5.78,11.3,235.3,45,5,8,0,3,4,878,81.4,QB
7,Ben Roethlisberger,9.5,66,1,0,1,95,2019,37,PIT,2,2,35,62,27,56.5,351,0,1,0,0,1.6,66,2,7,3.13,5.7,4.94,4.67,10,175.5,37.5,0,2,0,0,0,95,9.5,QB
8,Aaron Rodgers,98.1,95.4,14,26,4,1057,2019,36,GNB,16,16,353,569,216,62,4002,26,4,0,4.6,0.7,95.4,36,284,5.95,7,7.63,6.71,11.3,250.1,44,13,3,0,2,3,1057,98.1,QB
9,Matt Moore,16.2,100.9,2,4,0,170,2019,35,KAN,6,2,59,91,32,64.8,659,4,0,0,4.4,0,100.9,8,65,8.08,7.2,8.12,6.81,11.2,109.8,47.5,1,1,0,1,1,170,16.2,QB
10,Joe Flacco,52.4,85.1,5,6,5,532,2019,34,DEN,8,8,171,262,91,65.3,1822,6,5,0,2.3,1.9,85.1,26,194,9.03,7,6.55,5.29,10.7,227.8,42,2,6,0,0,0,532,52.4,QB
11,Brian Hoyer,12,65.7,1,4,4,129,2019,34,IND,4,1,35,65,30,53.8,372,4,4,1,6.2,6.2,65.7,5,47,7.14,5.7,4.18,3.21,10.6,93,38.6,0,1,0,0,0,129,12,QB
12,Matt Ryan,91.2,92.1,13,26,14,1065,2019,34,ATL,15,15,408,616,208,66.2,4466,26,14,1,4.2,2.3,92.1,48,316,7.23,7.3,7.07,6.08,10.9,297.7,46.5,7,8,0,3,2,1065,91.2,QB
13,Chase Daniel,11.9,91.6,1,3,2,127,2019,33,CHI,3,1,45,64,19,70.3,435,3,2,0,4.7,3.1,91.6,7,48,9.86,6.8,6.33,5.03,9.7,145,50.7,0,1,0,0,0,127,11.9,QB
14,Colt McCoy,6,61,0,0,1,56,2019,33,WAS,1,1,18,27,9,66.7,122,0,1,0,0,3.7,61,6,44,18.18,4.5,2.85,1,6.8,122,30.3,0,1,0,0,0,56,6,QB
15,Andy Dalton,82.5,78.3,7,16,14,908,2019,32,CIN,13,13,314,528,214,59.5,3494,16,14,3,3,2.7,78.3,37,249,6.55,6.6,6.03,5.19,11.1,268.8,42.7,2,11,0,0,0,908,82.5,QB
16,Kirk Cousins,94.3,107.4,14,26,6,966,2019,31,MIN,15,15,307,444,137,69.1,3603,26,6,0,5.9,1.4,107.4,28,206,5.93,8.1,8.68,7.73,11.7,240.2,50.4,10,5,0,1,1,966,94.3,QB
17,Case Keenum,47.7,91.3,4,11,5,448,2019,31,WAS,10,8,160,247,87,64.8,1707,11,5,1,4.5,2,91.3,15,145,5.73,6.9,6.89,5.94,10.7,170.7,46.2,1,7,0,0,0,448,47.7,QB
18,Matthew Stafford,50.2,106,8,19,5,542,2019,31,DET,8,8,187,291,104,64.3,2499,19,5,0,6.5,1.7,106,18,137,5.83,8.6,9.12,8.15,13.4,312.4,48.9,3,4,1,2,1,542,50.2,QB
19,Ryan Tannehill,64.3,117.5,11,22,6,637,2019,31,TEN,12,10,201,286,85,70.3,2742,22,6,0,7.7,2.1,117.5,31,212,9.78,9.6,10.18,8.52,13.6,228.5,51.4,7,3,0,2,3,637,64.3,QB
20,Russell Wilson,99.8,106.3,15,31,5,1107,2019,31,SEA,16,16,341,516,175,66.1,4110,31,5,2,6,1,106.3,48,319,8.51,8,8.73,7.42,12.1,256.9,49.6,11,5,0,4,5,1107,99.8,QB
21,Nick Foles,17,84.6,2,3,2,185,2019,30,JAX,4,4,77,117,40,65.8,736,3,2,0,2.6,1.7,84.6,8,60,6.4,6.3,6.03,5.17,9.6,184,40,0,4,0,0,0,185,17,QB
22,Cam Newton,12.7,71,1,0,1,141,2019,30,CAR,2,2,50,89,39,56.2,572,0,1,0,0,1.1,71,6,43,6.32,6.4,5.92,5.09,11.4,286,43.2,0,2,0,0,0,141,12.7,QB
23,Tyrod Taylor,2.9,120.1,0,1,0,31,2019,30,LAC,8,0,4,6,2,66.7,33,1,0,0,16.7,0,120.1,0,0,0,5.5,8.83,8.83,8.3,4.1,50,,,,0,0,31,2.9,QB
24,Matt Barkley,7.3,51,1,0,3,78,2019,29,BUF,2,0,27,51,24,52.9,359,0,3,0,0,5.9,51,2,10,3.77,7,4.39,4.04,13.3,179.5,37.7,,,,0,0,78,7.3,QB
25,Robert Griffin III,12.6,64,2,1,2,139,2019,29,BAL,7,1,23,38,15,60.5,225,1,2,0,2.6,5.3,64,5,19,11.63,5.9,4.08,3.16,9.8,32.1,46.5,1,0,0,0,0,139,12.6,QB
26,Taysom Hill,22.7,81.9,4,0,0,241,2019,29,NOR,16,5,3,6,3,50,55,0,0,0,0,0,81.9,1,9,14.29,9.2,9.17,6.57,18.3,3.4,42.9,,,,0,0,241,22.7,WR/QB
27,A.J. McCarron,6.5,63.5,1,0,1,69,2019,29,HOU,2,1,21,37,16,56.8,225,0,1,0,0,2.7,63.5,5,43,11.9,6.1,4.86,3.26,10.7,112.5,42.9,0,1,0,0,0,69,6.5,QB
28,Derek Carr,97.6,100.8,11,21,8,996,2019,28,OAK,16,16,361,513,152,70.4,4054,21,8,2,4.1,1.6,100.8,29,184,5.35,7.9,8.02,7.25,11.2,253.4,50.7,7,9,0,2,3,996,97.6,QB
29,Jimmy Garoppolo,99.3,102,15,27,13,1056,2019,28,SFO,16,16,329,476,147,69.1,3978,27,13,1,5.7,2.7,102,36,237,7.03,8.4,8.26,7.22,12.1,248.6,48.6,13,3,0,4,4,1056,99.3,QB
30,Brandon Allen,17.3,68.3,2,3,2,176,2019,27,DEN,3,3,39,84,45,46.4,515,3,2,0,3.6,2.4,68.3,9,59,9.68,6.1,5.77,4.58,13.2,171.7,28,1,2,0,0,0,176,17.3,QB
31,Teddy Bridgewater,37.6,99.1,5,9,2,400,2019,27,NOR,9,5,133,196,63,67.9,1384,9,2,0,4.6,1,99.1,12,89,5.77,7.1,7.52,6.66,10.4,153.8,47.1,5,0,0,1,2,400,37.6,QB
32,Jacoby Brissett,87.9,88,10,18,6,947,2019,27,IND,15,15,272,447,175,60.9,2942,18,6,1,4,1.3,88,27,159,5.7,6.6,6.78,6.06,10.8,196.1,42.8,7,8,0,2,2,947,87.9,QB
33,Sean Mannion,5.3,35.1,0,0,2,54,2019,27,MIN,3,1,12,21,9,57.1,126,0,2,0,0,9.5,35.1,0,0,0,6,1.71,1.71,10.5,42,52.4,0,1,0,0,0,54,5.3,QB
34,Carson Wentz,98.6,93.1,12,27,7,1148,2019,27,PHI,16,16,388,607,219,63.9,4039,27,7,0,4.4,1.2,93.1,37,230,5.75,6.7,7.02,6.26,10.4,252.4,48.4,9,7,0,2,4,1148,98.6,QB
35,Jeff Driskel,20.2,75.3,3,4,4,218,2019,26,DET,3,3,62,105,43,59,685,4,4,0,3.8,3.8,75.3,11,46,9.48,6.5,5.57,4.65,11,228.3,37.9,0,3,0,0,0,218,20.2,QB
36,Brett Hundley,3.8,58.5,0,0,0,40,2019,26,ARI,3,0,5,11,6,45.5,49,0,0,0,0,0,58.5,2,11,15.38,4.5,4.45,2.92,9.8,16.3,23.1,,,,0,0,40,3.8,QB
37,Marcus Mariota,35.8,92.3,5,7,2,354,2019,26,TEN,7,6,95,160,65,59.4,1203,7,2,0,4.4,1.3,92.3,25,162,13.51,7.5,7.83,5.9,12.7,171.9,34.6,2,4,0,0,0,354,35.8,QB
38,Dak Prescott,99.6,99.7,15,30,11,1116,2019,26,DAL,16,16,388,596,208,65.1,4902,30,11,0,5,1.8,99.7,23,151,3.72,8.2,8.4,7.84,12.6,306.4,52.3,8,8,0,0,0,1116,99.6,QB
39,Luke Falk,14.7,62.4,1,0,3,150,2019,25,NYJ,3,2,47,73,26,64.4,416,0,3,1,0,4.1,62.4,16,96,17.98,5.7,3.85,2.08,8.9,138.7,27,0,2,0,0,0,150,14.7,QB
40,Ryan Finley,17.3,62.1,1,2,2,190,2019,25,CIN,3,3,41,87,46,47.1,474,2,2,1,2.3,2.3,62.1,11,93,11.22,5.4,4.87,3.38,11.6,158,29.6,0,3,0,0,0,190,17.3,QB
41,Jared Goff,98.7,86.5,12,22,16,1096,2019,25,LAR,16,16,394,626,232,62.9,4638,22,16,2,3.5,2.6,86.5,22,170,3.4,7.4,6.96,6.46,11.8,289.9,47.7,9,7,0,1,2,1096,98.7,QB
42,Mitchell Trubisky,88.1,83,8,17,10,942,2019,25,CHI,15,15,326,516,190,63.2,3138,17,10,0,3.3,1.9,83,38,234,6.86,6.1,5.87,5.04,9.6,209.2,43.3,8,7,0,3,3,942,88.1,QB
43,Jameis Winston,98.9,84.3,15,33,30,1128,2019,25,TAM,16,16,380,626,246,60.7,5109,33,30,7,5.3,4.8,84.3,47,282,6.98,8.2,7.06,6.15,13.4,319.3,46.7,7,9,0,2,2,1128,98.9,QB
44,Will Grier,7.8,33.2,1,0,4,87,2019,24,CAR,2,2,28,52,24,53.8,228,0,4,1,0,7.7,33.2,6,44,10.34,4.4,0.92,0.07,8.1,114,32.8,0,2,0,0,0,87,7.8,QB
45,Patrick Mahomes,83.8,105.3,17,26,5,880,2019,24,KAN,14,14,319,484,165,65.9,4031,26,5,0,5.4,1,105.3,17,127,3.39,8.3,8.94,8.38,12.6,287.9,50.9,11,3,0,1,1,880,83.8,QB
46,Baker Mayfield,99,78.8,11,22,21,1034,2019,24,CLE,16,16,317,534,217,59.4,3827,22,21,1,4.1,3.9,78.8,40,285,6.97,7.2,6.22,5.29,12.1,239.2,42.5,6,10,0,1,1,1034,99,QB
47,Mason Rudolph,52.4,82,3,13,9,523,2019,24,PIT,10,8,176,283,107,62.2,1765,13,9,0,4.6,3.2,82,15,124,5.03,6.2,5.72,5.02,10,176.5,40.6,5,3,0,1,1,523,52.4,QB
48,Deshaun Watson,93.3,98,16,26,12,997,2019,24,HOU,15,15,333,495,162,67.3,3852,26,12,0,5.3,2.4,98,44,257,8.16,7.8,7.74,6.63,11.6,256.8,49.4,10,5,0,3,5,997,93.3,QB
49,Josh Allen,92.4,85.3,11,20,9,988,2019,23,BUF,16,16,271,461,190,58.8,3089,20,9,1,4.3,2,85.3,38,237,7.62,6.7,6.69,5.71,11.4,193.1,41.7,10,6,0,4,5,988,92.4,QB
50,Kyle Allen,79.5,80,7,17,16,885,2019,23,CAR,13,12,303,489,186,62,3322,17,16,0,3.5,3.3,80,46,397,8.6,6.8,6.02,4.76,11,255.5,46.7,5,7,0,0,1,885,79.5,QB
51,Devlin Hodges,37.7,71.4,0,5,8,376,2019,23,PIT,8,6,100,160,60,62.5,1063,5,8,0,3.1,5,71.4,15,102,8.57,6.6,5.02,4.01,10.6,132.9,38.9,3,3,0,0,1,376,37.7,QB
52,Drew Lock,30.1,89.7,3,7,3,306,2019,23,DEN,5,5,100,156,56,64.1,1020,7,3,0,4.5,1.9,89.7,5,26,3.11,6.5,6.57,6.2,10.2,204,44.1,4,1,0,1,2,306,30.1,QB
53,Gardner Minshew II,83,91.2,10,21,6,906,2019,23,JAX,14,12,285,470,185,60.6,3271,21,6,0,4.5,1.3,91.2,33,184,6.56,7,7.28,6.44,11.5,233.6,41.9,6,6,0,3,3,906,83,QB
54,Sam Darnold,82.4,84.3,6,19,13,840,2019,22,NYJ,13,13,273,441,168,61.9,3024,19,13,0,4.3,2.9,84.3,33,212,6.96,6.9,6.39,5.5,11.1,232.6,43.7,7,6,0,2,3,840,82.4,QB
55,Dwayne Haskins,46.1,76.1,3,7,7,433,2019,22,WAS,9,7,119,203,84,58.6,1365,7,7,1,3.4,3.4,76.1,29,204,12.5,6.7,5.86,4.25,11.5,151.7,38.8,2,5,0,1,1,433,46.1,QB
56,Lamar Jackson,87.7,113.3,25,36,6,969,2019,22,BAL,15,15,265,401,136,66.1,3127,36,6,0,9,1.5,113.3,23,106,5.42,7.8,8.92,8.19,11.8,208.5,50.5,13,2,0,1,2,969,87.7,QB
57,Daniel Jones,76.5,87.7,9,24,12,816,2019,22,NYG,13,12,284,459,175,61.9,3027,24,12,0,5.2,2.6,87.7,38,295,7.65,6.6,6.46,5.38,10.7,232.8,41,3,9,0,1,2,816,76.5,QB
58,Kyler Murray,96.3,87.4,14,20,12,1009,2019,22,ARI,16,16,349,542,193,64.4,3722,20,12,2,3.7,2.2,87.4,48,309,8.14,6.9,6.61,5.55,10.7,232.6,43.7,5,10,1,1,2,1009,96.3,QB
59,Josh Rosen,18.3,52,1,1,5,197,2019,22,MIA,6,3,58,109,51,53.2,567,1,5,0,0.9,4.6,52,16,93,12.8,5.2,3.32,2.15,9.8,94.5,35.2,0,3,0,0,0,197,18.3,QB
1,Tom Brady,97.6,97.7,14,29,11,1092,2018,41,NWE,16,16,375,570,195,65.8,4355,29,11,0,5.1,1.9,97.7,21,147,3.55,7.6,7.79,7.26,11.6,272.2,51.8,11,5,0,1,2,1092,97.6,QB
2,Drew Brees,93.1,115.7,16,32,5,979,2018,39,NOR,15,15,364,489,125,74.4,3992,32,5,0,6.5,1,115.7,17,121,3.36,8.2,9.01,8.47,11,266.1,57.3,13,2,0,6,7,979,93.1,QB
3,Josh McCown,19.1,55.8,2,1,4,191,2018,39,NYJ,4,3,60,110,50,54.5,539,1,4,0,0.9,3.6,55.8,7,35,5.98,4.9,3.45,2.94,9,134.8,38.5,0,3,0,0,0,191,19.1,QB
4,Eli Manning,98.2,92.4,12,21,11,1009,2018,37,NYG,16,16,380,576,196,66,4299,21,11,1,3.6,1.9,92.4,47,358,7.54,7.5,7.33,6.21,11.3,268.7,43,5,11,0,1,2,1009,98.2,QB
5,Philip Rivers,96.9,105.5,14,32,12,964,2018,37,LAC,16,16,347,508,161,68.3,4308,32,12,1,6.3,2.4,105.5,32,204,5.93,8.5,8.68,7.79,12.4,269.3,52,12,4,0,3,3,964,96.9,QB
6,Ryan Fitzpatrick,38.3,100.4,7,17,12,427,2018,36,TAM,8,7,164,246,82,66.7,2366,17,12,2,6.9,4.9,100.4,14,76,5.38,9.6,8.8,8.04,14.4,295.8,51.9,2,5,0,0,0,427,38.3,QB
7,Ben Roethlisberger,97.3,96.5,14,34,16,1086,2018,36,PIT,16,16,452,675,223,67,5129,34,16,1,5,2.4,96.5,24,166,3.43,7.6,7.54,7.04,11.3,320.6,50.9,9,6,1,2,3,1086,97.3,QB
8,Derek Anderson,11.1,56,1,0,4,118,2018,35,BUF,2,2,42,70,28,60,465,0,4,1,0,5.7,56,5,33,6.67,6.6,4.07,3.36,11.1,232.5,38.7,0,2,0,0,0,118,11.1,QB
9,Aaron Rodgers,94.2,97.6,13,25,2,1012,2018,35,GNB,16,16,372,597,225,62.3,4442,25,2,0,4.2,0.3,97.6,49,353,7.59,7.4,8.13,6.96,11.9,277.6,45.8,6,9,1,3,3,1012,94.2,QB
10,Alex Smith,63.8,85.7,6,10,5,651,2018,34,WAS,10,10,205,328,123,62.5,2180,10,5,1,3,1.5,85.7,22,121,6.29,6.6,6.57,5.81,10.6,218,43.7,6,4,0,0,0,651,63.8,QB
11,Joe Flacco,53.9,84.2,7,12,6,641,2018,33,BAL,9,9,232,379,147,61.2,2465,12,6,0,3.2,1.6,84.2,16,79,4.05,6.5,6.42,5.96,10.6,273.9,44.8,4,5,0,0,0,641,53.9,QB
12,Brian Hoyer,2.4,58.3,0,0,0,27,2018,33,NWE,5,0,1,2,1,50,7,0,0,0,0,0,58.3,0,0,0,3.5,3.5,3.5,7,1.4,,,,,0,0,27,2.4,QB
13,Matt Ryan,98.9,108.1,16,35,7,1048,2018,33,ATL,16,16,422,608,186,69.4,4924,35,7,1,5.8,1.2,108.1,42,296,6.46,8.1,8.73,7.71,11.7,307.8,51.7,7,9,0,1,1,1048,98.9,QB
14,Chase Daniel,13.8,90.6,2,3,2,148,2018,32,CHI,5,2,53,76,23,69.7,515,3,2,1,3.9,2.6,90.6,9,40,10.59,6.8,6.38,5.24,9.7,103,45.9,1,1,0,1,0,148,13.8,QB
15,Josh Johnson,20,69.4,2,3,4,204,2018,32,WAS,4,3,52,91,39,57.1,590,3,4,1,3.3,4.4,69.4,9,67,9,6.5,5.16,4.03,11.3,147.5,42,1,2,0,1,1,204,20,QB
16,Colt McCoy,9.8,78.6,1,3,3,100,2018,32,WAS,3,2,34,54,20,63,372,3,3,0,5.6,5.6,78.6,6,36,10,6.9,5.5,4.35,10.9,124,45,0,2,0,0,0,100,9.8,QB
17,Mark Sanchez,6.4,28,0,0,3,65,2018,32,WAS,2,1,19,35,16,54.3,138,0,3,1,0,8.6,28,7,42,16.67,3.9,0.09,-0.93,7.3,69,21.4,0,1,0,0,0,65,6.4,QB
18,Sam Bradford,14.3,62.5,1,2,4,135,2018,31,ARI,3,3,50,80,30,62.5,400,2,4,0,2.5,5,62.5,6,33,6.98,5,3.25,2.64,8,133.3,32.6,0,3,0,0,0,135,14.3,QB
19,Andy Dalton,62.9,89.6,9,21,11,627,2018,31,CIN,11,11,226,365,139,61.9,2566,21,11,1,5.8,3,89.6,21,157,5.44,7,6.82,6.05,11.4,233.3,48.4,5,6,0,3,4,627,62.9,QB
20,Kirk Cousins,100,99.7,12,30,10,1051,2018,30,MIN,16,16,425,606,181,70.1,4298,30,10,3,5,1.7,99.7,40,262,6.19,7.1,7.34,6.48,10.1,268.6,49.4,8,7,1,1,0,1051,100,QB
21,Case Keenum,99.9,81.2,9,18,15,1073,2018,30,DEN,16,16,365,586,221,62.3,3890,18,15,0,3.1,2.6,81.2,34,235,5.48,6.6,6.1,5.39,10.7,243.1,44.5,6,10,0,3,4,1073,99.9,QB
22,Matthew Stafford,97.9,89.9,10,21,11,1052,2018,30,DET,16,16,367,555,188,66.1,3777,21,11,2,3.8,2,89.9,40,255,6.72,6.8,6.67,5.79,10.3,236.1,45.7,6,10,0,0,1,1052,97.9,QB
23,Ryan Tannehill,63,92.7,6,17,9,580,2018,30,MIA,11,11,176,274,98,64.2,1979,17,9,2,6.2,3.3,92.7,35,279,11.33,7.2,6.99,5.29,11.2,179.9,42.1,5,6,0,3,3,580,63,QB
24,Russell Wilson,100,110.9,14,35,7,1069,2018,30,SEA,16,16,280,427,147,65.6,3448,35,7,2,8.2,1.6,110.9,51,355,10.67,8.1,8.98,7.28,12.3,215.5,44.1,10,6,0,2,4,1069,100,QB
25,Nick Foles,32.7,96,4,7,4,357,2018,29,PHI,5,5,141,195,54,72.3,1413,7,4,0,3.6,2.1,96,9,47,4.41,7.2,7.04,6.5,10,282.6,42.6,4,1,0,2,2,357,32.7,QB
26,Blaine Gabbert,21.4,74.9,2,4,4,211,2018,29,TEN,8,3,61,101,40,60.4,626,4,4,0,4,4,74.9,5,37,4.72,6.2,5.21,4.61,10.3,78.3,39.6,2,1,0,2,2,211,21.4,QB
27,Mike Glennon,2.8,112,0,1,0,26,2018,29,ARI,2,0,15,21,6,71.4,174,1,0,0,4.8,0,112,1,8,4.55,8.3,9.24,8.45,11.6,87,50,,,,0,0,26,2.8,QB
28,Andrew Luck,98.5,98.7,16,39,15,1119,2018,29,IND,16,16,430,639,209,67.3,4593,39,15,2,6.1,2.3,98.7,18,134,2.74,7.2,7.35,6.95,10.7,287.1,53,10,6,0,3,3,1119,98.5,QB
29,Cam Newton,83.6,94.2,14,24,13,885,2018,29,CAR,14,14,320,471,151,67.9,3395,24,13,1,5.1,2.8,94.2,29,213,5.8,7.2,6.99,6.15,10.6,242.5,49.8,6,8,0,2,2,885,83.6,QB
30,Tyrod Taylor,17,64.5,2,2,2,185,2018,29,CLE,4,3,42,85,43,49.4,473,2,2,0,2.4,2.4,64.5,13,81,13.27,5.6,4.98,3.49,11.3,118.3,28.6,1,1,1,1,0,185,17,QB
31,Matt Barkley,6.9,117.4,1,2,0,73,2018,28,BUF,1,1,15,25,10,60,232,2,0,0,8,0,117.4,1,8,3.85,9.3,10.88,10.15,15.5,232,46.2,1,0,0,0,0,73,6.9,QB
32,Taysom Hill,17.3,36.3,2,0,1,182,2018,28,NOR,16,4,3,7,4,42.9,64,0,1,0,0,14.3,36.3,1,3,12.5,9.1,2.71,2,21.3,4,25,,,,0,0,182,17.3,QB
33,Brock Osweiler,37,86,3,6,4,340,2018,28,MIA,7,5,113,178,65,63.5,1247,6,4,0,3.4,2.2,86,17,130,8.72,7,6.67,5.42,11,178.1,43.6,2,3,0,1,1,340,37,QB
34,Geno Smith,3.2,39.6,0,0,0,32,2018,28,LAC,5,0,1,4,3,25,8,0,0,0,0,0,39.6,1,16,20,2,2,-1.6,8,1.6,,,,,0,0,32,3.2,QB
35,Derek Carr,98.8,93.9,11,19,10,1030,2018,27,OAK,16,16,381,553,172,68.9,4049,19,10,2,3.4,1.8,93.9,51,299,8.44,7.3,7.2,6.09,10.6,253.1,48.5,4,12,0,3,3,1030,98.8,QB
36,Jimmy Garoppolo,18.6,90,2,5,3,197,2018,27,SFO,3,3,53,89,36,59.6,718,5,3,1,5.6,3.4,90,13,97,12.75,8.1,7.67,5.75,13.5,239.3,45.1,1,2,0,0,0,197,18.6,QB
37,Blake Bortles,74.7,79.8,6,13,11,777,2018,26,JAX,13,12,243,403,160,60.3,2718,13,11,1,3.2,2.7,79.8,31,173,7.14,6.7,6.16,5.32,11.2,209.1,44.7,3,9,0,0,1,777,74.7,QB
38,Teddy Bridgewater,6.8,70.6,0,1,1,71,2018,26,NOR,5,1,14,23,9,60.9,118,1,1,0,4.3,4.3,70.6,2,8,8,5.1,4.04,3.4,8.4,23.6,36,0,1,0,0,0,71,6.8,QB
39,Sean Mannion,3.3,89.6,0,0,0,36,2018,26,LAR,3,0,2,3,1,66.7,23,0,0,0,0,0,89.6,0,0,0,7.7,7.67,7.67,11.5,7.7,33.3,,,,0,0,36,3.3,QB
40,Carson Wentz,66.3,102.2,9,21,7,724,2018,26,PHI,11,11,279,401,122,69.6,3074,21,7,0,5.2,1.7,102.2,31,202,7.18,7.7,7.93,6.89,11,279.5,50.7,5,6,0,2,2,724,66.3,QB
41,C.J. Beathard,32.3,81.8,3,8,7,341,2018,25,SFO,6,5,102,169,67,60.4,1252,8,7,0,4.7,4.1,81.8,18,156,9.63,7.4,6.49,5.03,12.3,208.7,44.4,0,5,0,0,0,341,32.3,QB
42,Jeff Driskel,37.3,82.2,2,6,2,372,2018,25,CIN,9,5,105,176,71,59.7,1003,6,2,0,3.4,1.1,82.2,16,122,8.33,5.7,5.87,4.74,9.6,111.4,38.5,1,4,0,0,0,372,37.3,QB
43,Taylor Heinicke,8.7,60.6,1,1,3,92,2018,25,CAR,6,1,35,57,22,61.4,320,1,3,0,1.8,5.3,60.6,2,17,3.39,5.6,3.6,3.19,9.1,53.3,40.7,0,1,0,0,0,92,8.7,QB
44,Cody Kessler,25.3,77.4,2,2,2,263,2018,25,JAX,5,4,85,131,46,64.9,709,2,2,0,1.5,1.5,77.4,22,149,14.38,5.4,5.03,3.33,8.3,141.8,41.2,2,2,0,0,0,263,25.3,QB
45,Marcus Mariota,78.6,92.3,9,11,8,775,2018,25,TEN,14,13,228,331,103,68.9,2528,11,8,1,3.3,2.4,92.3,42,243,11.26,7.6,7.21,5.75,11.1,180.6,46.4,7,6,0,2,3,775,78.6,QB
46,Dak Prescott,99.4,96.9,14,22,8,1070,2018,25,DAL,16,16,356,526,170,67.7,3885,22,8,0,4.2,1.5,96.9,56,347,9.62,7.4,7.54,6.22,10.9,242.8,45.2,10,6,0,3,5,1070,99.4,QB
47,Jared Goff,96.7,101.1,18,32,12,1064,2018,24,LAR,16,16,364,561,197,64.9,4688,32,12,0,5.7,2.1,101.1,33,223,5.56,8.4,8.53,7.69,12.9,293,50.7,13,3,0,4,4,1064,96.7,QB
48,Nathan Peterman,14,30.7,1,1,7,148,2018,24,BUF,4,2,44,81,37,54.3,296,1,7,2,1.2,8.6,30.7,7,34,7.95,3.7,0.01,-0.38,6.7,74,28.4,0,2,0,0,0,148,14,QB
49,Mitchell Trubisky,86.4,95.4,13,24,12,929,2018,24,CHI,14,14,289,434,145,66.6,3223,24,12,0,5.5,2.8,95.4,24,143,5.24,7.4,7.29,6.59,11.2,230.2,48.9,11,3,0,1,2,929,86.4,QB
50,Jameis Winston,61.7,90.2,9,19,14,688,2018,24,TAM,11,9,244,378,134,64.6,2992,19,14,1,5,3.7,90.2,27,157,6.67,7.9,7.25,6.38,12.3,272,50.6,3,6,0,0,1,688,61.7,QB
51,Joshua Dobbs,2.7,24,0,0,1,30,2018,23,PIT,5,0,6,12,6,50,43,0,1,0,0,8.3,24,0,0,0,3.6,-0.17,-0.17,7.2,8.6,33.3,,,,0,0,30,2.7,QB
52,Patrick Mahomes,98.8,113.8,22,50,12,1032,2018,23,KAN,16,16,383,580,197,66,5097,50,12,1,8.6,2.1,113.8,26,171,4.29,8.8,9.58,8.89,13.3,318.6,54.1,12,4,0,2,2,1032,98.8,QB
53,Baker Mayfield,83,93.7,10,27,14,906,2018,23,CLE,14,13,310,486,176,63.8,3725,27,14,2,5.6,2.9,93.7,25,173,4.89,7.7,7.48,6.77,12,266.1,46,6,7,0,3,4,906,83,QB
54,Nick Mullens,49.1,90.8,6,13,10,519,2018,23,SFO,8,8,176,274,98,64.2,2277,13,10,2,4.7,3.6,90.8,17,127,5.84,8.3,7.62,6.74,12.9,284.6,47.4,3,5,0,0,1,519,49.1,QB
55,Deshaun Watson,99.9,103.1,16,26,9,1093,2018,23,HOU,16,16,345,505,160,68.3,4165,26,9,0,5.1,1.8,103.1,62,384,10.93,8.2,8.48,6.87,12.1,260.3,46.4,11,5,0,5,5,1093,99.9,QB
56,Josh Allen,67.9,67.9,6,10,12,719,2018,22,BUF,12,11,169,320,151,52.8,2074,10,12,1,3.1,3.8,67.9,28,213,8.05,6.5,5.42,4.37,12.3,172.8,37.1,5,6,0,2,3,719,67.9,QB
57,Kyle Allen,6.4,113.1,1,2,0,68,2018,22,CAR,2,1,20,31,11,64.5,266,2,0,0,6.5,0,113.1,0,0,0,8.6,9.87,9.87,13.3,133,45.2,1,0,0,0,0,68,6.4,QB
58,DeShone Kizer,5.8,40.5,1,0,2,62,2018,22,GNB,3,0,20,42,22,47.6,187,0,2,1,0,4.8,40.5,4,38,8.7,4.5,2.31,1.28,9.4,62.3,30.4,,,,0,0,62,5.8,QB
59,Sam Darnold,80.9,77.6,7,17,15,810,2018,21,NYJ,13,13,239,414,175,57.7,2865,17,15,2,4.1,3.6,77.6,30,204,6.76,6.9,6.11,5.24,12,220.4,43.2,4,9,0,1,1,810,80.9,QB
60,Lamar Jackson,49.2,84.5,8,6,3,585,2018,21,BAL,16,7,99,170,71,58.2,1201,6,3,0,3.5,1.8,84.5,16,71,8.6,7.1,6.98,5.99,12.1,75.1,43.5,6,1,0,0,1,585,49.2,QB
61,Josh Rosen,82.9,66.7,2,11,14,781,2018,21,ARI,14,13,217,393,176,55.2,2278,11,14,4,2.8,3.6,66.7,45,320,10.27,5.8,4.75,3.53,10.5,162.7,36.3,3,10,0,1,2,781,82.9,QB
1,Tom Brady,98,102.8,20,32,8,1116,2017,40,NWE,16,16,385,581,196,66.3,4577,32,8,1,5.5,1.4,102.8,35,201,5.68,7.9,8.36,7.56,11.9,286.1,49.7,13,3,0,2,2,1116,98,QB
2,Drew Brees,99.5,103.9,17,23,8,1032,2017,38,NOR,16,16,386,536,150,72,4334,23,8,1,4.3,1.5,103.9,20,145,3.6,8.1,8.27,7.71,11.2,270.9,51.6,11,5,0,2,2,1032,99.5,QB
3,Josh McCown,79.1,94.5,9,18,9,819,2017,38,NYJ,13,13,267,397,130,67.3,2926,18,9,0,4.5,2.3,94.5,39,264,8.94,7.4,7.26,6,11,225.1,44.5,5,8,0,1,2,819,79.1,QB
4,Carson Palmer,40.9,84.4,5,9,7,459,2017,38,ARI,7,7,164,267,103,61.4,1978,9,7,1,3.4,2.6,84.4,22,150,7.61,7.4,6.9,5.86,12.1,282.6,43.9,3,4,0,2,2,459,40.9,QB
5,Eli Manning,93.9,80.4,7,19,13,1017,2017,36,NYG,15,15,352,571,219,61.6,3468,19,13,0,3.3,2.3,80.4,31,189,5.15,6.1,5.71,5.11,9.9,231.2,44.7,3,12,0,0,1,1017,93.9,QB
6,Philip Rivers,96.6,96,13,28,10,1027,2017,36,LAC,16,16,360,575,215,62.6,4515,28,10,0,4.9,1.7,96,18,120,3.04,7.9,8.04,7.6,12.5,282.2,46.4,9,7,0,2,2,1027,96.6,QB
7,Matt Cassel,7.5,55.9,0,1,2,77,2017,35,TEN,2,1,25,42,17,59.5,162,1,2,1,2.4,4.8,55.9,8,30,16,3.9,2.19,1.24,6.5,81,34,0,1,0,0,0,77,7.5,QB
8,Ryan Fitzpatrick,27.5,86,3,7,3,299,2017,35,TAM,6,3,96,163,67,58.9,1103,7,3,0,4.3,1.8,86,7,34,4.12,6.8,6.8,6.32,11.5,183.8,45.9,2,1,0,0,1,299,27.5,QB
9,Ben Roethlisberger,93.7,93.4,14,28,14,1036,2017,35,PIT,15,15,360,561,201,64.2,4251,28,14,2,5,2.5,93.4,21,139,3.61,7.6,7.45,6.95,11.8,283.4,47.9,12,3,0,3,4,1036,93.7,QB
10,Kellen Clemens,3.4,43.7,0,0,1,36,2017,34,LAC,8,0,6,8,2,75,36,0,1,1,0,12.5,43.7,0,0,0,4.5,-1.13,-1.13,6,4.5,50,,,,0,0,36,3.4,QB
11,Jay Cutler,73.5,80.8,6,19,14,762,2017,34,MIA,14,14,266,429,163,62,2666,19,14,1,4.4,3.3,80.8,20,154,4.45,6.2,5.63,5.04,10,190.4,44.3,6,8,0,2,3,762,73.5,QB
12,Aaron Rodgers,39.8,97.2,6,16,6,417,2017,34,GNB,7,7,154,238,84,64.7,1675,16,6,1,6.7,2.5,97.2,22,168,8.46,7,7.25,5.99,10.9,239.3,47.7,4,3,0,2,2,417,39.8,QB
13,Matt Moore,19.6,75.6,2,4,5,203,2017,33,MIA,4,2,78,127,49,61.4,861,4,5,2,3.1,3.9,75.6,12,95,8.63,6.8,5.64,4.47,11,215.3,41,0,2,0,1,1,203,19.6,QB
14,Alex Smith,93.6,104.7,17,26,5,961,2017,33,KAN,15,15,341,505,164,67.5,4042,26,5,0,5.1,1,104.7,35,207,6.48,8,8.59,7.65,11.9,269.5,45.6,9,6,0,1,3,961,93.6,QB
15,Drew Stanton,28.5,66.4,0,6,5,320,2017,33,ARI,5,4,79,159,80,49.7,894,6,5,0,3.8,3.1,66.4,7,40,4.22,5.6,4.96,4.51,11.3,178.8,38,3,1,0,1,1,320,28.5,QB
16,Joe Flacco,94.6,80.4,9,18,13,1026,2017,32,BAL,16,16,352,549,197,64.1,3141,18,13,2,3.3,2.4,80.4,27,205,4.69,5.7,5.31,4.71,8.9,196.3,40.6,9,7,0,0,0,1026,94.6,QB
17,Brian Hoyer,17,74.5,2,4,4,381,2017,32,NWESFO,11,6,123,211,88,58.3,1287,4,4,0,1.9,1.9,74.5,16,112,7.05,6.1,5.63,4.74,10.5,117,37.9,0,6,0,0,0,381,17,QB
18,Matt Ryan,100,91.4,15,20,12,1024,2017,32,ATL,16,16,342,529,187,64.7,4095,20,12,1,3.8,2.3,91.4,24,156,4.34,7.7,7.48,6.87,12,255.9,49.9,10,6,0,2,3,1024,100,QB
19,Sam Bradford,8.2,124.4,1,3,0,91,2017,30,MIN,2,2,32,43,11,74.4,382,3,0,0,7,0,124.4,5,40,10.42,8.9,10.28,8.38,11.9,191,50,2,0,0,0,0,91,8.2,QB
20,Andy Dalton,97.3,86.6,11,25,12,936,2017,30,CIN,16,16,297,496,199,59.9,3320,25,12,1,5,2.4,86.6,39,255,7.29,6.7,6.61,5.65,11.2,207.5,40.9,7,9,0,3,3,936,97.3,QB
21,Scott Tolzien,4,33.8,0,0,2,41,2017,30,IND,1,1,9,18,9,50,128,0,2,2,0,11.1,33.8,4,29,18.18,7.1,2.11,0.41,14.2,128,27.3,0,1,0,0,0,41,4,QB
22,T.J. Yates,18.3,65.8,2,4,3,200,2017,30,HOU,4,3,47,97,50,48.5,523,4,3,0,4.1,3.1,65.8,13,75,11.82,5.4,4.82,3.57,11.1,130.8,33.6,0,3,0,0,0,200,18.3,QB
23,Kirk Cousins,99.6,93.9,12,27,13,1008,2017,29,WAS,16,16,347,540,193,64.3,4093,27,13,2,5,2.4,93.9,41,342,7.06,7.6,7.5,6.38,11.8,255.8,45.6,7,9,0,1,4,1008,99.6,QB
24,Case Keenum,91,98.3,14,22,7,1016,2017,29,MIN,15,14,325,481,156,67.6,3547,22,7,0,4.6,1.5,98.3,22,136,4.37,7.4,7.63,7.03,10.9,236.5,50.5,11,3,0,1,3,1016,91,QB
25,Ryan Mallett,5.4,103.1,0,2,0,59,2017,29,BAL,2,0,9,16,7,56.3,56,2,0,0,12.5,0,103.1,0,0,0,3.5,6,6,6.2,28,43.8,,,,0,0,59,5.4,QB
26,Matthew Stafford,99.1,99.3,15,29,10,1032,2017,29,DET,16,16,371,565,194,65.7,4446,29,10,3,5.1,1.8,99.3,47,287,7.68,7.9,8.1,7.01,12,277.9,45.6,9,7,0,1,4,1032,99.1,QB
27,Russell Wilson,99.5,95.4,15,34,11,1062,2017,29,SEA,16,16,339,553,214,61.3,3983,34,11,0,6.1,2,95.4,43,322,7.21,7.2,7.54,6.45,11.7,248.9,43.8,9,7,0,2,2,1062,99.5,QB
28,Nick Foles,18.6,79.5,2,5,2,210,2017,28,PHI,7,3,57,101,44,56.4,537,5,2,0,5,2,79.5,5,44,4.72,5.3,5.42,4.75,9.4,76.7,38.7,2,1,0,1,2,210,18.6,QB
29,Blaine Gabbert,30.5,71.9,2,6,6,342,2017,28,ARI,5,5,95,171,76,55.6,1086,6,6,1,3.5,3.5,71.9,23,149,11.86,6.4,5.47,4.06,11.4,217.2,39.2,2,3,0,2,2,342,30.5,QB
30,Mike Glennon,26.7,76.9,2,4,5,264,2017,28,CHI,4,4,93,140,47,66.4,833,4,5,1,2.9,3.6,76.9,8,78,5.41,6,4.91,4.12,9,208.3,41.2,1,3,0,0,1,264,26.7,QB
31,Landry Jones,6.3,99.3,1,1,1,70,2017,28,PIT,3,1,23,28,5,82.1,239,1,1,0,3.6,3.6,99.3,3,15,9.68,8.5,7.64,6.42,10.4,79.7,45.2,1,0,0,0,0,70,6.3,QB
32,Cam Newton,98.6,80.7,15,22,16,1051,2017,28,CAR,16,16,291,492,201,59.1,3302,22,16,1,4.5,3.3,80.7,35,242,6.64,6.7,6.14,5.28,11.3,206.4,43.8,11,5,0,1,3,1051,98.6,QB
33,Tyrod Taylor,88.1,89.2,12,14,4,927,2017,28,BUF,15,14,263,420,157,62.6,2799,14,4,0,3.3,1,89.2,46,256,9.87,6.7,6.9,5.67,10.6,186.6,42.5,8,6,0,1,2,927,88.1,QB
34,David Fales,6.8,82,1,1,1,71,2017,27,MIA,2,0,29,43,14,67.4,265,1,1,0,2.3,2.3,82,1,8,2.27,6.2,5.58,5.27,9.1,132.5,47.7,,,,0,0,71,6.8,QB
35,EJ Manuel,7.5,72.3,1,1,1,76,2017,27,OAK,2,1,24,43,19,55.8,265,1,1,0,2.3,2.3,72.3,4,29,8.51,6.2,5.58,4.49,11,132.5,38.3,0,1,0,0,0,76,7.5,QB
36,A.J. McCarron,2.7,63.4,0,0,0,26,2017,27,CIN,3,0,7,14,7,50,66,0,0,0,0,0,63.4,1,9,6.67,4.7,4.71,3.8,9.4,22,20,,,,0,0,26,2.7,QB
37,Brock Osweiler,31.2,72.5,2,5,5,352,2017,27,DEN,6,4,96,172,76,55.8,1088,5,5,0,2.9,2.9,72.5,10,64,5.49,6.3,5.6,4.94,11.3,181.3,37.4,0,4,0,0,0,352,31.2,QB
38,Tom Savage,38.4,71.4,2,5,6,420,2017,27,HOU,8,7,125,223,98,56.1,1412,5,6,0,2.2,2.7,71.4,21,159,8.61,6.3,5.57,4.44,11.3,176.5,39.8,1,6,0,1,1,420,38.4,QB
39,Geno Smith,6.1,84.5,1,1,0,66,2017,27,NYG,2,1,21,36,15,58.3,212,1,0,0,2.8,0,84.5,3,12,7.69,5.9,6.44,5.64,10.1,106,38.5,0,1,0,0,0,66,6.1,QB
40,Derek Carr,92.5,86.4,10,22,13,932,2017,26,OAK,15,15,323,515,192,62.7,3496,22,13,0,4.3,2.5,86.4,20,101,3.74,6.8,6.51,6.07,10.8,233.1,46.2,6,9,0,1,1,932,92.5,QB
41,Jimmy Garoppolo,31.9,96.2,5,7,5,351,2017,26,SFO,6,5,120,178,58,67.4,1560,7,5,0,3.9,2.8,96.2,8,57,4.3,8.8,8.29,7.62,13,260,54.3,5,0,0,2,2,351,31.9,QB
42,Bryce Petty,20.9,55.1,2,1,3,217,2017,26,NYJ,4,3,55,112,57,49.1,544,1,3,0,0.9,2.7,55.1,8,55,6.67,4.9,3.83,3.12,9.9,136,31.7,0,3,0,0,0,217,20.9,QB
43,Trevor Siemian,60.1,73.3,4,12,14,677,2017,26,DEN,11,10,206,349,143,59,2285,12,14,2,3.4,4,73.3,33,220,8.64,6.5,5.43,4.38,11.1,207.7,39.8,5,5,0,0,0,677,60.1,QB
44,Blake Bortles,98,84.7,13,21,13,1103,2017,25,JAX,16,16,315,523,208,60.2,3687,21,13,1,4,2.5,84.7,24,123,4.39,7,6.73,6.21,11.7,230.4,45.2,10,6,0,1,1,1103,98,QB
45,Jacoby Brissett,96,81.7,11,13,7,989,2017,25,IND,16,15,276,469,193,58.8,3098,13,7,2,2.8,1.5,81.7,52,305,9.98,6.6,6.49,5.26,11.2,193.6,40.1,4,11,0,0,1,989,96,QB
46,Kevin Hogan,12.5,71.9,1,4,5,134,2017,25,CLE,4,1,46,75,29,61.3,517,4,5,1,5.3,6.7,71.9,6,35,7.41,6.9,4.96,4.16,11.2,129.3,40.7,0,1,0,0,0,134,12.5,QB
47,Sean Mannion,9.8,72.5,1,0,0,101,2017,25,LAR,5,1,22,37,15,59.5,185,0,0,0,0,0,72.5,3,20,7.5,5,5,4.13,8.4,37,27.5,0,1,0,0,0,101,9.8,QB
48,Carson Wentz,77.9,101.9,13,33,7,881,2017,25,PHI,13,13,265,440,175,60.2,3296,33,7,1,7.5,1.6,101.9,28,162,5.98,7.5,8.28,7.43,12.4,253.5,45.3,11,2,0,1,1,881,77.9,QB
49,C.J. Beathard,35.5,69.2,3,4,6,391,2017,24,SFO,7,5,123,224,101,54.9,1430,4,6,1,1.8,2.7,69.2,19,141,7.82,6.4,5.54,4.52,11.6,204.3,37.4,1,4,0,0,0,391,35.5,QB
50,Brett Hundley,59.5,70.6,5,9,12,623,2017,24,GNB,11,9,192,316,124,60.8,1836,9,12,0,2.8,3.8,70.6,29,197,8.41,5.8,4.67,3.71,9.6,166.9,40,3,6,0,2,2,623,59.5,QB
51,Cody Kessler,4.5,46.6,0,0,1,48,2017,24,CLE,3,0,11,23,12,47.8,126,0,1,0,0,4.3,46.6,6,48,20.69,5.5,3.52,1.14,11.5,42,27.6,,,,0,0,48,4.5,QB
52,Marcus Mariota,92.3,79.3,12,13,15,943,2017,24,TEN,15,15,281,453,172,62,3232,13,15,1,2.9,3.3,79.3,27,173,5.63,7.1,6.22,5.51,11.5,215.5,45,9,6,0,3,4,943,92.3,QB
53,Dak Prescott,98.6,86.6,13,22,13,1050,2017,24,DAL,16,16,308,490,182,62.9,3324,22,13,4,4.5,2.7,86.6,32,185,6.13,6.8,6.49,5.74,10.8,207.8,43.3,9,7,0,0,4,1050,98.6,QB
54,Nate Sudfeld,3.5,90.9,1,0,0,40,2017,24,PHI,1,0,19,23,4,82.6,134,0,0,0,0,0,90.9,3,24,11.54,5.8,5.83,4.23,7.1,134,46.2,,,,0,0,40,3.5,QB
55,Jared Goff,90.2,100.5,15,28,7,932,2017,23,LAR,15,15,296,477,181,62.1,3804,28,7,0,5.9,1.5,100.5,25,172,4.98,8,8.49,7.72,12.9,253.6,46.6,11,4,0,1,1,932,90.2,QB
56,Paxton Lynch,8.7,72,1,2,3,98,2017,23,DEN,2,2,30,45,15,66.7,295,2,3,0,4.4,6.7,72,9,51,16.67,6.6,4.44,2.76,9.8,147.5,40.7,0,2,0,0,0,98,8.7,QB
57,Nathan Peterman,9.3,38.4,1,2,5,98,2017,23,BUF,4,2,24,49,25,49,252,2,5,1,4.1,10.2,38.4,1,5,2,5.1,1.37,1.24,10.5,63,38,1,1,0,0,0,98,9.3,QB
58,Mitchell Trubisky,73.3,77.5,8,7,7,724,2017,23,CHI,12,12,196,330,134,59.4,2193,7,7,0,2.1,2.1,77.5,31,196,8.59,6.6,6.12,5.05,11.2,182.8,35.5,4,8,0,0,1,724,73.3,QB
59,Jameis Winston,72.5,92.2,10,19,11,790,2017,23,TAM,13,13,282,442,160,63.8,3504,19,11,0,4.3,2.5,92.2,33,207,6.95,7.9,7.67,6.7,12.4,269.5,49.7,3,10,0,2,2,790,72.5,QB
60,Patrick Mahomes,6,76.4,1,0,1,62,2017,22,KAN,1,1,22,35,13,62.9,284,0,1,0,0,2.9,76.4,2,15,5.41,8.1,6.83,6.05,12.9,284,51.4,1,0,0,0,1,62,6,QB
61,Deshaun Watson,42.4,103,7,19,8,464,2017,22,HOU,7,6,126,204,78,61.8,1699,19,8,2,9.3,3.9,103,19,116,8.52,8.3,8.43,7.19,13.5,242.7,46.6,3,3,0,0,0,464,42.4,QB
62,DeShone Kizer,83,60.5,5,11,22,886,2017,21,CLE,15,15,255,476,221,53.6,2894,11,22,0,2.3,4.6,60.5,38,226,7.39,6.1,4.46,3.69,11.3,192.9,34.2,0,15,0,0,0,886,83,QB
1,Tom Brady,73.2,112.2,13,28,2,818,2016,39,NWE,12,12,291,432,141,67.4,3554,28,2,0,6.5,0.5,112.2,15,87,3.36,8.2,9.31,8.81,12.2,296.2,50.6,11,1,0,1,1,818,73.2,QB
2,Drew Brees,100,101.7,16,37,15,1154,2016,37,NOR,16,16,471,673,202,70,5208,37,15,2,5.5,2.2,101.7,27,184,3.86,7.7,7.84,7.27,11.1,325.5,53.9,7,9,0,2,4,1154,100,QB
3,Josh McCown,25.4,72.3,1,6,6,262,2016,37,CLE,5,3,90,165,75,54.5,1100,6,6,0,3.6,3.6,72.3,18,126,9.84,6.7,5.76,4.5,12.2,220,41,0,3,0,0,0,262,25.4,QB
4,Carson Palmer,90.8,87.2,12,26,14,1045,2016,37,ARI,15,15,364,597,233,61,4233,26,14,1,4.4,2.3,87.2,40,281,6.28,7.1,6.91,6.03,11.6,282.2,46.9,6,8,1,1,3,1045,90.8,QB
5,Shaun Hill,7,76.1,1,0,0,74,2016,36,MIN,3,1,19,35,16,54.3,242,0,0,0,0,0,76.1,1,7,2.78,6.9,6.91,6.53,12.7,80.7,41.7,1,0,0,0,0,74,7,QB
6,Eli Manning,100,86,9,26,16,1062,2016,35,NYG,16,16,377,598,221,63,4027,26,16,1,4.3,2.7,86,21,142,3.39,6.7,6.4,5.95,10.7,251.7,45.1,11,5,0,3,6,1062,100,QB
7,Philip Rivers,99.5,87.9,13,33,21,1060,2016,35,SDG,16,16,349,578,229,60.4,4386,33,21,3,5.7,3.6,87.9,36,188,5.86,7.6,7.1,6.37,12.6,274.1,,5,11,0,1,1,1060,99.5,QB
8,Matt Cassel,9.2,71,1,2,2,98,2016,34,TEN,4,1,30,51,21,58.8,284,2,2,1,3.9,3.9,71,5,23,8.93,5.6,4.59,3.77,9.5,71,39.3,1,0,0,0,0,98,9.2,QB
9,Ryan Fitzpatrick,73.3,69.6,5,12,17,763,2016,34,NYJ,14,11,228,403,175,56.6,2710,12,17,1,3,4.2,69.6,19,81,4.5,6.7,5.42,4.99,11.9,193.6,41.9,3,8,0,0,0,763,73.3,QB
10,Ben Roethlisberger,85,95.4,12,29,13,921,2016,34,PIT,14,14,328,509,181,64.4,3819,29,13,0,5.7,2.6,95.4,17,141,3.23,7.5,7.49,6.98,11.6,272.8,48.7,10,4,0,2,2,921,85,QB
11,Charlie Whitehurst,4.2,78.8,0,1,1,43,2016,34,CLE,1,0,14,24,10,58.3,182,1,1,0,4.2,4.2,78.8,2,14,7.69,7.6,6.54,5.5,13,182,46.2,,,,0,0,43,4.2,QB
12,Derek Anderson,7.8,67.6,1,2,5,86,2016,33,CAR,5,2,36,53,17,67.9,453,2,5,1,3.8,9.4,67.6,0,0,0,8.5,5.06,5.06,12.6,90.6,60.4,0,2,0,0,0,86,7.8,QB
13,Jay Cutler,27.1,78.1,2,4,5,274,2016,33,CHI,5,5,81,137,56,59.1,1059,4,5,1,2.9,3.6,78.1,17,104,11.04,7.7,6.67,5.26,13.1,211.8,40.9,1,4,0,0,0,274,27.1,QB
14,Aaron Rodgers,98,104.2,18,40,7,1064,2016,33,GNB,16,16,401,610,209,65.7,4428,40,7,0,6.6,1.1,104.2,35,246,5.43,7.3,8.05,7.24,11,276.8,49.6,10,6,0,0,2,1064,98,QB
15,Matt Moore,20,105.6,2,8,3,190,2016,32,MIA,4,3,55,87,32,63.2,721,8,3,0,9.2,3.4,105.6,1,0,1.14,8.3,8.57,8.48,13.1,180.3,47.7,2,1,0,1,2,190,20,QB
16,Alex Smith,89.5,91.2,12,15,8,915,2016,32,KAN,15,15,328,489,161,67.1,3502,15,8,1,3.1,1.6,91.2,28,140,5.42,7.2,7.04,6.39,10.7,233.5,48,11,4,0,3,3,915,89.5,QB
17,Drew Stanton,9.2,39.6,1,2,3,106,2016,32,ARI,5,1,19,48,29,39.6,192,2,3,0,4.2,6.3,39.6,1,8,2.04,4,2.02,1.82,10.1,38.4,32.7,1,0,0,0,0,106,9.2,QB
18,Joe Flacco,98,83.5,9,20,15,1111,2016,31,BAL,16,16,436,672,236,64.9,4317,20,15,0,3,2.2,83.5,33,243,4.68,6.4,6.01,5.39,9.9,269.8,43,8,8,0,2,2,1111,98,QB
19,Brian Hoyer,31.1,98,4,6,0,314,2016,31,CHI,6,5,134,200,66,67,1445,6,0,0,3,0,98,4,18,1.96,7.2,7.83,7.58,10.8,240.8,50.5,1,4,0,0,0,314,31.1,QB
20,Matt Ryan,98.3,117.1,21,38,7,1021,2016,31,ATL,16,16,373,534,161,69.9,4944,38,7,2,7.1,1.3,117.1,37,235,6.48,9.3,10.09,9.03,13.3,309,52.5,11,5,0,1,2,1021,98.3,QB
21,Mark Sanchez,3.7,30.3,0,0,2,39,2016,30,DAL,2,0,10,18,8,55.6,93,0,2,0,0,11.1,30.3,3,25,14.29,5.2,0.17,-1.05,9.3,46.5,28.6,,,,0,0,39,3.7,QB
22,Sam Bradford,93,99.3,11,20,5,979,2016,29,MIN,15,15,395,552,157,71.6,3877,20,5,0,3.6,0.9,99.3,37,276,6.28,7,7.34,6.41,9.8,258.5,49.1,7,8,0,1,1,979,93,QB
23,Andy Dalton,99.8,91.8,12,18,8,1085,2016,29,CIN,16,16,364,563,199,64.7,4206,18,8,0,3.2,1.4,91.8,41,264,6.79,7.5,7.47,6.53,11.6,262.9,47.8,6,9,1,2,1,1085,99.8,QB
24,Colin Kaepernick,66.7,90.7,9,16,4,691,2016,29,SFO,12,11,196,331,135,59.2,2241,16,4,0,4.8,1.2,90.7,36,207,9.81,6.8,7.19,5.92,11.4,186.8,41.4,1,10,0,1,1,691,66.7,QB
25,Scott Tolzien,7.6,64.7,1,1,2,83,2016,29,IND,3,1,23,37,14,62.2,216,1,2,0,2.7,5.4,64.7,3,21,7.5,5.8,3.95,3.13,9.4,72,45,0,1,0,0,0,83,7.6,QB
26,Kirk Cousins,100,97.2,15,25,12,1060,2016,28,WAS,16,16,406,606,200,67,4917,25,12,2,4.1,2,97.2,23,190,3.66,8.1,8.05,7.45,12.1,307.3,51.2,8,7,1,4,4,1060,100,QB
27,Case Keenum,59.4,76.4,4,9,11,596,2016,28,LAR,10,9,196,322,126,60.9,2201,9,11,3,2.8,3.4,76.4,23,140,6.67,6.8,5.86,5.06,11.2,220.1,40.6,4,5,0,1,2,596,59.4,QB
28,Matthew Stafford,100,93.3,14,24,10,1037,2016,28,DET,16,16,388,594,206,65.3,4327,24,10,1,4,1.7,93.3,37,216,5.86,7.3,7.34,6.56,11.2,270.4,48,9,7,0,8,8,1037,100,QB
29,Ryan Tannehill,80,93.5,10,19,12,758,2016,28,MIA,13,13,261,389,128,67.1,2995,19,12,1,4.9,3.1,93.5,29,216,6.94,7.7,7.29,6.27,11.5,230.4,45.9,8,5,0,3,3,758,80,QB
30,Russell Wilson,95.2,92.6,14,21,11,1008,2016,28,SEA,16,16,353,546,193,64.7,4219,21,11,0,3.8,2,92.6,41,293,6.98,7.7,7.59,6.56,12,263.7,47.2,10,5,1,4,3,1008,95.2,QB
31,Nick Foles,10.4,105.9,1,3,0,106,2016,27,KAN,3,1,36,55,19,65.5,410,3,0,0,5.5,0,105.9,4,34,6.78,7.5,8.55,7.39,11.4,136.7,33.9,1,0,0,0,0,106,10.4,QB
32,Blaine Gabbert,33.3,68.4,0,5,6,345,2016,27,SFO,6,5,91,160,69,56.9,925,5,6,0,3.1,3.8,68.4,11,48,6.43,5.8,4.72,4.13,10.2,154.2,40.4,1,4,0,0,0,345,33.3,QB
33,Landry Jones,14.9,86.3,2,4,2,161,2016,27,PIT,8,2,53,86,33,61.6,558,4,2,0,4.7,2.3,86.3,4,34,4.44,6.5,6.37,5.71,10.5,69.8,38.9,1,1,0,1,1,161,14.9,QB
34,Andrew Luck,92.4,96.4,16,31,13,1013,2016,27,IND,15,15,346,545,199,63.5,4240,31,13,1,5.7,2.4,96.4,41,268,7,7.8,7.84,6.84,12.3,282.7,48.5,8,7,0,4,4,1013,92.4,QB
35,Matt McGloin,3.5,60.4,0,0,0,39,2016,27,OAK,3,1,8,15,7,53.3,50,0,0,0,0,0,60.4,0,0,0,3.3,3.33,3.33,6.3,16.7,26.7,0,1,0,0,0,39,3.5,QB
36,Cam Newton,92.2,75.8,11,19,14,1023,2016,27,CAR,15,14,270,510,240,52.9,3509,19,14,3,3.7,2.7,75.8,36,277,6.59,6.9,6.39,5.46,13,233.9,40.7,6,8,0,0,0,1023,92.2,QB
37,Tyrod Taylor,91.1,89.7,15,17,6,969,2016,27,BUF,15,15,269,436,167,61.7,3023,17,6,0,3.9,1.4,89.7,42,192,8.79,6.9,7.09,6.07,11.2,201.5,43.1,7,8,0,1,1,969,91.1,QB
38,Matt Barkley,40.8,68.3,1,8,14,412,2016,26,CHI,7,6,129,216,87,59.7,1611,8,14,0,3.7,6.5,68.3,6,43,2.7,7.5,5.28,4.95,12.5,230.1,52.7,1,5,0,0,0,412,40.8,QB
39,Robert Griffin III,29.3,72.5,3,2,3,302,2016,26,CLE,5,5,87,147,60,59.2,886,2,3,0,1.4,2,72.5,22,138,13.02,6,5.38,3.86,10.2,177.2,37.3,1,4,0,0,0,302,29.3,QB
40,EJ Manuel,7.3,58.3,1,0,0,78,2016,26,BUF,6,1,11,26,15,42.3,131,0,0,0,0,0,58.3,3,20,10.34,5,5.04,3.83,11.9,21.8,37.9,0,1,0,0,0,78,7.3,QB
41,Brock Osweiler,87,72.2,5,15,16,976,2016,26,HOU,15,14,301,510,209,59,2957,15,16,0,2.9,3.1,72.2,27,206,5.03,5.8,4.97,4.34,9.8,197.1,42.5,8,6,0,2,2,976,87,QB
42,Tom Savage,13,80.9,1,0,0,146,2016,26,HOU,3,2,46,73,27,63,461,0,0,0,0,0,80.9,5,36,6.41,6.3,6.32,5.45,10,153.7,44.9,1,1,0,2,2,146,13,QB
43,Geno Smith,3.2,81.2,0,1,1,33,2016,26,NYJ,2,1,8,14,6,57.1,126,1,1,0,7.1,7.1,81.2,3,19,17.65,9,7.21,4.82,15.8,63,41.2,1,0,0,0,0,33,3.2,QB
44,Derek Carr,93.7,96.7,12,28,6,1048,2016,25,OAK,15,15,357,560,203,63.8,3937,28,6,0,5,1.1,96.7,16,79,2.78,7,7.55,7.2,11,262.5,45.1,12,3,0,7,7,1048,93.7,QB
45,Jimmy Garoppolo,12.9,113.3,2,4,0,144,2016,25,NWE,6,2,43,63,20,68.3,502,4,0,0,6.3,0,113.3,3,15,4.55,8,9.24,8.59,11.7,83.7,53,2,0,0,1,1,144,12.9,QB
46,Bryce Petty,23.5,60,2,3,7,245,2016,25,NYJ,6,4,75,133,58,56.4,809,3,7,0,2.3,5.3,60,13,79,8.9,6.1,4.17,3.25,10.8,134.8,37,1,3,0,1,1,245,23.5,QB
47,Trevor Siemian,83.6,84.6,9,18,10,899,2016,25,DEN,14,14,289,486,197,59.5,3401,18,10,1,3.7,2.1,84.6,31,187,6,7,6.81,6.04,11.8,242.9,44.5,8,6,0,3,2,899,83.6,QB
48,Blake Bortles,99.9,78.8,10,23,16,1112,2016,24,JAX,16,16,368,625,257,58.9,3905,23,16,3,3.7,2.6,78.8,34,197,5.16,6.2,5.83,5.23,10.6,244.1,42.9,3,13,0,1,1,1112,99.9,QB
49,Jacoby Brissett,14,83.9,2,0,0,156,2016,24,NWE,3,2,34,55,21,61.8,400,0,0,0,0,0,83.9,6,46,9.84,7.3,7.27,5.8,11.8,133.3,42.6,1,1,0,0,0,156,14,QB
50,Kevin Hogan,4.9,31.6,1,0,2,50,2016,24,CLE,4,0,14,26,12,53.8,104,0,2,0,0,7.7,31.6,2,10,7.14,4,0.54,0.14,7.4,26,32.1,,,,0,0,50,4.9,QB
51,Carson Wentz,99.5,79.3,10,16,14,1125,2016,24,PHI,16,16,379,607,228,62.4,3782,16,14,0,2.6,2.3,79.3,33,213,5.16,6.2,5.72,5.09,10,236.4,44.2,7,9,0,1,1,1125,99.5,QB
52,Trevone Boykin,5,91.2,0,1,1,53,2016,23,SEA,5,0,13,18,5,72.2,145,1,1,0,5.6,5.6,91.2,1,5,5.26,8.1,6.67,6.05,11.2,29,68.4,,,,0,0,53,5,QB
53,Connor Cook,2.9,83.4,0,1,1,32,2016,23,OAK,1,0,14,21,7,66.7,150,1,1,0,4.8,4.8,83.4,2,7,8.7,7.1,5.95,5.13,10.7,150,47.8,,,,0,0,32,2.9,QB
54,Cody Kessler,33.9,92.3,3,6,2,349,2016,23,CLE,9,8,128,195,67,65.6,1380,6,2,0,3.1,1,92.3,21,140,9.72,7.1,7.23,5.88,10.8,153.3,45.4,0,8,0,0,0,349,33.9,QB
55,Marcus Mariota,90.6,95.6,13,26,9,964,2016,23,TEN,15,15,276,451,175,61.2,3426,26,9,2,5.8,2,95.6,23,156,4.85,7.6,7.85,7.14,12.4,228.4,45.1,8,7,0,2,2,964,90.6,QB
56,Dak Prescott,95.6,104.9,15,23,4,1011,2016,23,DAL,16,16,311,459,148,67.8,3667,23,4,0,5,0.9,104.9,25,143,5.17,8,8.6,7.86,11.8,229.2,52.3,13,3,0,5,5,1011,95.6,QB
57,Paxton Lynch,16.4,79.2,1,2,1,176,2016,22,DEN,3,2,49,83,34,59,497,2,1,0,2.4,1.2,79.2,9,42,9.78,6,5.93,4.89,10.1,165.7,41.3,1,1,0,0,0,176,16.4,QB
58,Jameis Winston,98.7,86.1,12,28,18,1119,2016,22,TAM,16,16,345,567,222,60.8,4090,28,18,1,4.9,3.2,86.1,35,239,5.81,7.2,6.77,5.98,11.9,255.6,47.8,9,7,0,1,3,1119,98.7,QB
1,Matt Hasselbeck,41.7,84,4,9,5,458,2015,40,IND,8,8,156,256,100,60.9,1690,9,5,0,3.5,2,84,16,101,5.88,6.6,6.43,5.68,10.8,211.3,44.1,5,3,0,1,2,458,41.7,QB
2,Peyton Manning,53.2,67.9,2,9,17,586,2015,39,DEN,10,9,198,331,133,59.8,2249,9,17,3,2.7,5.1,67.9,16,95,4.61,6.8,5.03,4.52,11.4,224.9,40.6,7,2,0,3,3,586,53.2,QB
3,Tom Brady,98.8,102.2,18,36,7,1103,2015,38,NWE,16,16,402,624,222,64.4,4770,36,7,2,5.8,1.1,102.2,38,225,5.74,7.6,8.29,7.48,11.9,298.1,47.4,12,4,0,2,2,1103,98.8,QB
4,Drew Brees,94,101,14,32,11,1088,2015,36,NOR,15,15,428,627,199,68.3,4870,32,11,2,5.1,1.8,101,31,235,4.71,7.8,8,7.26,11.4,324.7,48.5,7,8,0,1,2,1088,94,QB
5,Josh McCown,46.1,93.3,5,12,4,509,2015,36,CLE,8,8,186,292,106,63.7,2109,12,4,1,4.1,1.4,93.3,23,137,7.3,7.2,7.43,6.45,11.3,263.6,43.2,1,7,0,1,1,509,46.1,QB
6,Carson Palmer,94.2,104.6,16,35,11,1039,2015,36,ARI,16,16,342,537,195,63.7,4671,35,11,0,6.5,2,104.6,25,151,4.45,8.7,9.08,8.41,13.7,291.9,52.7,13,3,0,1,4,1039,94.2,QB
7,Shaun Hill,2.7,39.6,0,0,0,28,2015,35,MIN,3,0,2,7,5,28.6,15,0,0,0,0,0,39.6,1,11,12.5,2.1,2.14,0.5,7.5,5,,,,,0,1,28,2.7,QB
8,Tony Romo,22.5,79.4,2,5,7,232,2015,35,DAL,4,4,83,121,38,68.6,884,5,7,2,4.1,5.8,79.4,6,35,4.72,7.3,5.53,4.99,10.7,221,50.4,3,1,0,1,2,232,22.5,QB
9,Michael Vick,16,79.8,2,2,1,172,2015,35,PIT,5,3,40,66,26,60.6,371,2,1,0,3,1.5,79.8,10,53,13.16,5.6,5.55,4.12,9.3,74.2,22.4,2,1,0,1,1,172,16,QB
10,Eli Manning,99.4,93.6,14,35,14,1107,2015,34,NYG,16,16,387,618,231,62.6,4432,35,14,2,5.7,2.3,93.6,27,157,4.19,7.2,7.28,6.74,11.5,277,46.7,6,10,0,1,2,1107,99.4,QB
11,Luke McCown,6,91.8,1,0,1,70,2015,34,NOR,8,1,32,39,7,82.1,335,0,1,0,0,2.6,91.8,1,0,2.5,8.6,7.44,7.25,10.5,41.9,60,0,1,0,0,0,70,6,QB
12,Philip Rivers,98.7,93.8,12,29,13,1153,2015,34,SDG,16,16,437,661,224,66.1,4792,29,13,5,4.4,2,93.8,40,264,5.71,7.2,7.24,6.45,11,299.5,48.2,4,12,0,1,2,1153,98.7,QB
13,Matt Schaub,12.1,76,1,3,4,137,2015,34,BAL,2,2,52,80,28,65,540,3,4,2,3.8,5,76,3,27,3.61,6.8,5.25,4.73,10.4,270,47,1,1,0,0,0,137,12.1,QB
14,Matt Cassel,19.9,70.6,0,5,7,418,2015,33,BUFDAL,9,8,119,204,85,58.3,1276,5,7,2,2.5,3.4,70.6,14,86,6.42,6.3,5.2,4.47,10.7,141.8,38.5,2,6,0,1,1,418,19.9,QB
15,Ryan Fitzpatrick,94.1,88,13,31,15,1045,2015,33,NYJ,16,16,335,562,227,59.6,3905,31,15,0,5.5,2.7,88,19,94,3.27,6.9,6.85,6.46,11.7,244.1,44.4,10,6,0,2,3,1045,94.1,QB
16,Ben Roethlisberger,73.8,94.5,12,21,16,793,2015,33,PIT,12,11,319,469,150,68,3938,21,16,0,4.5,3.4,94.5,20,141,4.09,8.4,7.76,7.15,12.3,328.2,52.6,7,4,0,1,1,793,73.8,QB
17,Charlie Whitehurst,5.9,50.3,0,0,1,65,2015,33,IND,4,0,16,32,16,50,150,0,1,0,0,3.1,50.3,5,28,13.51,4.7,3.28,2.08,9.4,37.5,37.8,,,,0,0,65,5.9,QB
18,Derek Anderson,2.3,82.6,0,0,0,25,2015,32,CAR,3,0,4,6,2,66.7,36,0,0,0,0,0,82.6,0,0,0,6,6,6,9,12,33.3,,,,0,0,25,2.3,QB
19,Jay Cutler,91.6,92.3,11,21,11,990,2015,32,CHI,15,15,311,483,172,64.4,3659,21,11,3,4.3,2.3,92.3,29,150,5.66,7.6,7.42,6.71,11.8,243.9,47.1,6,9,0,4,4,990,91.6,QB
20,Tarvaris Jackson,2.8,83.3,0,0,0,30,2015,32,SEA,4,0,4,6,2,66.7,37,0,0,0,0,0,83.3,1,6,14.29,6.2,6.17,4.43,9.3,9.3,42.9,,,,0,0,30,2.8,QB
21,Dan Orlovsky,4.3,66.8,1,1,1,46,2015,32,DET,2,0,22,40,18,55,201,1,1,0,2.5,2.5,66.8,0,0,0,5,4.4,4.4,9.1,100.5,42.5,,,,0,0,46,4.3,QB
22,Aaron Rodgers,99.1,92.7,14,31,8,1137,2015,32,GNB,16,16,347,572,225,60.7,3821,31,8,0,5.4,1.4,92.7,46,314,7.44,6.7,7.13,6.1,11,238.8,43,10,6,0,2,2,1137,99.1,QB
23,Brandon Weeden,14.1,96.8,3,5,2,313,2015,32,DALHOU,6,4,97,140,43,69.3,1043,5,2,0,3.6,1.4,96.8,10,77,6.67,7.5,7.52,6.51,10.8,173.8,46,1,3,0,1,1,313,14.1,QB
24,Alex Smith,98.7,95.4,16,20,7,989,2015,31,KAN,16,16,307,470,163,65.3,3486,20,7,1,4.3,1.5,95.4,45,235,8.74,7.4,7.6,6.48,11.4,217.9,43.9,11,5,0,1,1,989,98.7,QB
25,Drew Stanton,5.9,22.7,0,0,2,65,2015,31,ARI,7,0,11,25,14,44,104,0,2,0,0,8,22.7,2,8,7.41,4.2,0.56,0.22,9.5,14.9,37,,,,0,0,65,5.9,QB
26,Joe Flacco,63.1,83.1,5,14,12,716,2015,30,BAL,10,10,266,413,147,64.4,2791,14,12,1,3.4,2.9,83.1,16,124,3.73,6.8,6.13,5.61,10.5,279.1,45.7,3,7,0,3,3,716,63.1,QB
27,Brian Hoyer,56.8,91.4,7,19,7,673,2015,30,HOU,11,9,224,369,145,60.7,2606,19,7,1,5.1,1.9,91.4,25,185,6.35,7.1,7.24,6.31,11.6,236.9,46.7,5,4,0,1,1,673,56.8,QB
28,Matt Ryan,97.9,89,14,21,16,1115,2015,30,ATL,16,16,407,614,207,66.3,4591,21,16,1,3.4,2.6,89,30,203,4.66,7.5,6.99,6.35,11.3,286.9,50.8,8,8,0,4,4,1115,97.9,QB
29,Colt McCoy,4.1,133.9,0,1,0,44,2015,29,WAS,2,0,7,11,4,63.6,128,1,0,0,9.1,0,133.9,1,13,8.33,11.6,13.45,11.25,18.3,64,41.7,,,,0,0,44,4.1,QB
30,Mark Sanchez,14.6,80.7,1,4,4,169,2015,29,PHI,4,2,59,91,32,64.8,616,4,4,1,4.4,4.4,80.7,9,54,9,6.8,5.67,4.62,10.4,154,45,0,2,0,0,0,169,14.6,QB
31,Sam Bradford,85.4,86.4,8,19,14,987,2015,28,PHI,14,14,346,532,186,65,3725,19,14,1,3.6,2.6,86.4,28,200,5,7,6.53,5.85,10.8,266.1,45.2,7,7,0,0,2,987,85.4,QB
32,Jimmy Clausen,9.8,66.7,2,2,4,217,2015,28,CHIBAL,4,3,72,125,53,57.6,739,2,4,1,1.6,3.2,66.7,7,38,5.3,5.9,4.79,4.25,10.3,184.8,33.3,0,3,0,0,0,217,9.8,QB
33,Andy Dalton,75.5,106.2,13,25,7,797,2015,28,CIN,13,13,255,386,131,66.1,3250,25,7,0,6.5,1.8,106.2,20,118,4.93,8.4,8.9,8.17,12.7,250,51.2,10,3,0,3,3,797,75.5,QB
34,Colin Kaepernick,49.7,78.5,4,6,5,502,2015,28,SFO,9,8,144,244,100,59,1615,6,5,2,2.5,2,78.5,28,166,10.29,6.6,6.19,4.94,11.2,179.4,38.6,2,6,0,0,0,502,49.7,QB
35,Alex Tanney,2.9,114.9,0,1,0,30,2015,28,TEN,1,0,10,14,4,71.4,99,1,0,0,7.1,0,114.9,3,34,17.65,7.1,8.5,5,9.9,99,41.2,,,,0,0,30,2.9,QB
36,T.J. Yates,11.1,80.3,1,3,1,132,2015,28,HOU,4,2,28,57,29,49.1,370,3,1,0,5.3,1.8,80.3,5,33,8.06,6.5,6.75,5.68,13.2,92.5,33.9,2,0,0,1,1,132,11.1,QB
37,Kirk Cousins,95.9,101.6,12,29,11,1025,2015,27,WAS,16,16,379,543,164,69.8,4166,29,11,1,5.3,2,101.6,26,186,4.57,7.7,7.83,7.14,11,260.4,51.1,9,7,0,2,3,1025,95.9,QB
38,B.J. Daniels,1.8,58.3,0,0,0,41,2015,27,HOUSEA,8,0,1,2,1,50,7,0,0,0,0,0,58.3,0,0,0,3.5,3.5,3.5,7,0.9,,,,,0,0,41,1.8,QB
39,Josh Freeman,5.5,65.9,1,1,1,60,2015,27,IND,1,1,15,28,13,53.6,149,1,1,0,3.6,3.6,65.9,1,7,3.45,5.3,4.43,4.03,9.9,149,37.9,1,0,0,0,0,60,5.5,QB
40,Case Keenum,31.2,87.7,2,4,1,299,2015,27,STL,6,5,76,125,49,60.8,828,4,1,0,3.2,0.8,87.7,4,28,3.1,6.6,6.9,6.47,10.9,138,45,3,2,0,0,0,299,31.2,QB
41,Ryan Mallett,18.1,67.9,3,5,6,420,2015,27,HOUBAL,8,6,136,244,108,55.7,1336,5,6,0,2,2.5,67.9,6,32,2.4,5.5,4.78,4.54,9.8,167,41.2,2,4,0,0,0,420,18.1,QB
42,Matthew Stafford,95.7,97,13,32,13,1033,2015,27,DET,16,16,398,592,194,67.2,4262,32,13,1,5.4,2.2,97,44,251,6.92,7.2,7.29,6.39,10.7,266.4,49.4,7,9,0,2,3,1033,95.7,QB
43,Ryan Tannehill,99.3,88.7,10,24,12,1025,2015,27,MIA,16,16,363,586,223,61.9,4208,24,12,2,4.1,2,88.7,45,420,7.13,7.2,7.08,5.91,11.6,263,42,6,10,0,2,2,1025,99.3,QB
44,Russell Wilson,97.2,110.1,19,34,8,1049,2015,27,SEA,16,16,329,483,154,68.1,4024,34,8,0,7,1.7,110.1,45,265,8.52,8.3,8.99,7.73,12.2,251.5,50.8,10,6,0,2,2,1049,97.2,QB
45,Austin Davis,14.4,66.2,1,1,3,159,2015,26,CLE,3,2,56,94,38,59.6,547,1,3,0,1.1,3.2,66.2,11,96,10.48,5.8,4.6,3.2,9.8,182.3,41,0,2,0,0,0,159,14.4,QB
46,Nick Foles,68.1,69,3,7,10,653,2015,26,STL,11,11,190,337,147,56.4,2052,7,10,2,2.1,3,69,14,98,3.99,6.1,5.17,4.68,10.8,186.5,33,4,7,0,1,1,653,68.1,QB
47,Blaine Gabbert,50.3,86.2,5,10,7,509,2015,26,SFO,8,8,178,282,104,63.1,2031,10,7,0,3.5,2.5,86.2,25,164,8.14,7.2,6.79,5.71,11.4,253.9,38.4,3,5,0,2,2,509,50.3,QB
48,Landry Jones,10.1,77.3,1,3,4,109,2015,26,PIT,7,2,32,55,23,58.2,513,3,4,0,5.5,7.3,77.3,2,17,3.51,9.3,7.15,6.6,16,73.3,45.6,1,1,0,0,1,109,10.1,QB
49,Andrew Luck,45.9,74.9,4,15,12,504,2015,26,IND,7,7,162,293,131,55.3,1881,15,12,0,5.1,4.1,74.9,15,88,4.87,6.4,5.6,5.04,11.6,268.7,42.2,2,5,0,1,2,504,45.9,QB
50,Matt McGloin,3.9,88.3,0,2,1,41,2015,26,OAK,2,0,23,32,9,71.9,142,2,1,0,6.3,3.1,88.3,2,20,5.88,4.4,4.28,3.44,6.2,71,55.9,,,,0,0,41,3.9,QB
51,Kellen Moore,16.2,71,2,4,6,167,2015,26,DAL,3,2,61,104,43,58.7,779,4,6,0,3.8,5.8,71,5,23,4.59,7.5,5.66,5.19,12.8,259.7,46.8,0,2,0,0,0,167,16.2,QB
52,Cam Newton,97.7,99.4,21,35,10,1077,2015,26,CAR,16,16,296,495,199,59.8,3837,35,10,0,7.1,2,99.4,33,284,6.25,7.8,8.26,7.2,13,239.8,48.1,15,1,0,3,4,1077,97.7,QB
53,Tyrod Taylor,85.9,99.4,14,20,6,923,2015,26,BUF,14,14,242,380,138,63.7,3035,20,6,0,5.3,1.6,99.4,36,212,8.65,8,8.33,7.1,12.5,216.8,42.8,7,6,0,1,2,923,85.9,QB
54,EJ Manuel,14.4,78.5,2,3,3,155,2015,25,BUF,7,2,52,84,32,61.9,561,3,3,1,3.6,3.6,78.5,6,45,6.67,6.7,5.79,4.9,10.8,80.1,46.7,0,2,0,0,0,155,14.4,QB
55,A.J. McCarron,24.4,97.1,3,6,2,257,2015,25,CIN,7,3,79,119,40,66.4,854,6,2,1,5,1.7,97.1,12,63,9.16,7.2,7.43,6.27,10.8,122,48.1,2,1,0,0,0,257,24.4,QB
56,Brock Osweiler,46.7,86.4,5,10,6,514,2015,25,DEN,8,7,170,275,105,61.8,1967,10,6,0,3.6,2.2,86.4,23,151,7.72,7.2,6.9,5.86,11.6,245.9,46.3,5,2,0,2,2,514,46.7,QB
57,Geno Smith,5.9,87.9,1,2,1,65,2015,25,NYJ,1,0,27,42,15,64.3,265,2,1,0,4.8,2.4,87.9,3,19,6.67,6.3,6.19,5.36,9.8,265,53.3,,,,0,0,65,5.9,QB
58,Derek Carr,96.1,91.1,13,32,13,1012,2015,24,OAK,16,16,350,573,223,61.1,3987,32,13,3,5.6,2.3,91.1,31,230,5.13,7,7.05,6.31,11.4,249.2,43.9,7,9,0,4,4,1012,96.1,QB
59,Blake Bortles,100,88.2,14,35,18,1058,2015,23,JAX,16,16,355,606,251,58.6,4428,35,18,4,5.8,3,88.2,51,320,7.76,7.3,7.13,6.09,12.5,276.8,45.1,5,11,0,3,4,1058,100,QB
60,Teddy Bridgewater,97.3,88.7,14,14,9,992,2015,23,MIN,16,16,292,447,155,65.3,3231,14,9,0,3.1,2,88.7,44,307,8.96,7.2,6.95,5.7,11.1,201.9,40.9,11,5,0,1,1,992,97.3,QB
61,Johnny Manziel,39.4,79.4,4,7,5,435,2015,23,CLE,9,6,129,223,94,57.8,1500,7,5,0,3.1,2.2,79.4,19,141,7.85,6.7,6.35,5.26,11.6,166.7,41.3,2,4,0,0,0,435,39.4,QB
62,Marcus Mariota,70.9,91.5,9,19,10,733,2015,22,TEN,12,12,230,370,140,62.2,2818,19,10,2,5.1,2.7,91.5,38,258,9.31,7.6,7.43,6.1,12.3,234.8,44.9,3,9,0,2,2,733,70.9,QB
63,Jameis Winston,100,84.2,13,22,15,1090,2015,21,TAM,16,16,312,535,223,58.3,4042,22,15,2,4.1,2.8,84.2,27,190,4.8,7.6,7.12,6.44,13,252.6,45.6,6,10,0,2,3,1090,100,QB
1,Matt Hasselbeck,7.1,102.6,1,2,0,82,2014,39,IND,4,0,30,44,14,68.2,301,2,0,0,4.5,0,102.6,2,7,4.35,6.8,7.75,7.26,10,75.3,47.8,,,,0,0,82,7.1,QB
2,Peyton Manning,96.8,101.5,16,39,15,1094,2014,38,DEN,16,16,395,597,202,66.2,4727,39,15,1,6.5,2.5,101.5,17,118,2.77,7.9,8.09,7.68,12,295.4,51.6,12,4,0,1,1,1094,96.8,QB
3,Tom Brady,93.9,97.4,16,33,9,1063,2014,37,NWE,16,16,373,582,209,64.1,4109,33,9,1,5.7,1.5,97.4,21,134,3.48,7.1,7.5,7.01,11,256.8,49.1,12,4,0,2,2,1063,93.9,QB
4,Drew Brees,100,97,16,33,17,1139,2014,35,NOR,16,16,456,659,203,69.2,4952,33,17,3,5,2.6,97,29,186,4.22,7.5,7.36,6.77,10.9,309.5,52.9,7,9,0,2,2,1139,100,QB
5,Josh McCown,63.4,70.5,4,11,14,630,2014,35,TAM,11,11,184,327,143,56.3,2206,11,14,1,3.4,4.3,70.5,36,235,9.92,6.7,5.49,4.3,12,200.5,40.2,1,10,0,0,0,630,63.4,QB
6,Carson Palmer,38.7,95.6,4,11,3,409,2014,35,ARI,6,6,141,224,83,62.9,1626,11,3,1,4.9,1.3,95.6,9,59,3.86,7.3,7.64,7.09,11.5,271,43.8,6,0,0,2,2,409,38.7,QB
7,Shaun Hill,45,83.9,4,8,7,450,2014,34,STL,9,8,145,229,84,63.3,1657,8,7,1,3.5,3.1,83.9,18,116,7.29,7.2,6.56,5.61,11.4,184.1,47,3,5,0,0,0,450,45,QB
8,Tony Romo,91.3,113.2,14,34,9,968,2014,34,DAL,15,15,304,435,131,69.9,3705,34,9,1,7.8,2.1,113.2,29,215,6.25,8.5,9.15,8.11,12.2,247,53.4,12,3,0,3,4,968,91.3,QB
9,Michael Vick,25,68.3,2,3,2,272,2014,34,NYJ,10,3,64,121,57,52.9,604,3,2,0,2.5,1.7,68.3,19,85,13.57,5,4.74,3.49,9.4,60.4,35,1,2,0,0,0,272,25,QB
10,Eli Manning,98.3,92.1,13,30,14,1109,2014,33,NYG,16,16,379,601,222,63.1,4410,30,14,1,5,2.3,92.1,28,187,4.45,7.3,7.29,6.67,11.6,275.6,47.4,6,10,0,1,1,1109,98.3,QB
11,Philip Rivers,98.6,93.8,13,31,18,1052,2014,33,SDG,16,16,379,570,191,66.5,4286,31,18,2,5.4,3.2,93.8,36,189,5.94,7.5,7.19,6.45,11.3,267.9,49.8,9,7,0,3,3,1052,98.6,QB
12,Jason Campbell,2.9,66.6,0,0,0,31,2014,32,CIN,4,0,11,19,8,57.9,74,0,0,0,0,0,66.6,1,0,5,3.9,3.89,3.7,6.7,18.5,35,,,,0,0,31,2.9,QB
13,Matt Cassel,13.8,65.8,1,3,4,141,2014,32,MIN,3,3,41,71,30,57.7,425,3,4,0,4.2,5.6,65.8,6,39,7.79,6,4.3,3.45,10.4,141.7,39,1,2,0,0,0,141,13.8,QB
14,Ryan Fitzpatrick,65.6,95.3,8,17,8,728,2014,32,HOU,12,12,197,312,115,63.1,2483,17,8,0,5.4,2.6,95.3,21,83,6.31,8,7.89,7.15,12.6,206.9,45.9,6,6,0,0,0,728,65.6,QB
15,Kyle Orton,75.6,87.8,8,18,10,802,2014,32,BUF,12,12,287,447,160,64.2,3018,18,10,1,4,2.2,87.8,33,198,6.88,6.8,6.55,5.69,10.5,251.5,44.8,7,5,0,2,2,802,75.6,QB
16,Ben Roethlisberger,99.4,103.3,16,32,9,1104,2014,32,PIT,16,16,408,608,200,67.1,4952,32,9,0,5.3,1.5,103.3,33,172,5.15,8.1,8.53,7.82,12.1,309.5,51.6,11,5,0,2,3,1104,99.4,QB
17,Charlie Whitehurst,36.9,87.4,4,7,2,357,2014,32,TEN,7,5,105,185,80,56.8,1326,7,2,0,3.8,1.1,87.4,18,103,8.87,7.2,7.44,6.27,12.6,189.4,38.4,1,4,0,0,0,357,36.9,QB
18,Derek Anderson,16.1,105.2,2,5,0,178,2014,31,CAR,6,2,65,97,32,67,701,5,0,0,5.2,0,105.2,4,17,3.96,7.2,8.26,7.76,10.8,116.8,53.5,2,0,0,0,0,178,16.1,QB
19,Jay Cutler,91.6,88.6,11,28,18,969,2014,31,CHI,15,15,370,561,191,66,3812,28,18,1,5,3.2,88.6,38,223,6.34,6.8,6.35,5.57,10.3,254.1,46.6,5,10,0,1,1,969,91.6,QB
20,Aaron Rodgers,93.6,112.2,22,38,5,983,2014,31,GNB,16,16,341,520,179,65.6,4381,38,5,0,7.3,1,112.2,28,174,5.11,8.4,9.45,8.65,12.8,273.8,52.4,12,4,0,1,1,983,93.6,QB
21,Brandon Weeden,8.7,85.7,1,3,2,92,2014,31,DAL,5,1,24,41,17,58.5,303,3,2,0,7.3,4.9,85.7,1,9,2.38,7.4,6.66,6.29,12.6,60.6,42.9,0,1,0,0,0,92,8.7,QB
22,Matt Moore,2.7,65.6,0,0,0,30,2014,30,MIA,2,0,2,4,2,50,21,0,0,0,0,0,65.6,0,0,0,5.3,5.25,5.25,10.5,10.5,50,,,,0,0,30,2.7,QB
23,Alex Smith,93.3,93.4,14,18,6,940,2014,30,KAN,15,15,303,464,161,65.3,3265,18,6,0,3.9,1.3,93.4,45,229,8.84,7,7.23,6.14,10.8,217.7,46.4,8,7,0,3,3,940,93.3,QB
24,Drew Stanton,44.3,78.7,5,7,5,468,2014,30,ARI,9,8,132,240,108,55,1711,7,5,0,2.9,2.1,78.7,11,66,4.38,7.1,6.78,6.22,13,190.1,39.4,5,3,0,1,1,468,44.3,QB
25,Joe Flacco,99.4,91,13,27,12,1068,2014,29,BAL,16,16,344,554,210,62.1,3986,27,12,0,4.9,2.2,91,19,167,3.32,7.2,7.19,6.66,11.6,249.1,47.8,10,6,0,2,2,1068,99.4,QB
26,Matt Flynn,6.4,34.9,0,0,1,67,2014,29,GNB,7,0,8,16,8,50,66,0,1,0,0,6.3,34.9,2,12,11.11,4.1,1.31,0.5,8.3,9.4,33.3,,,,0,0,67,6.4,QB
27,Chad Henne,13.6,80.7,1,3,1,141,2014,29,JAX,3,3,42,78,36,53.8,492,3,1,0,3.8,1.3,80.7,16,105,17.02,6.3,6.5,4.28,11.7,164,31.9,0,3,0,0,0,141,13.6,QB
28,Brian Hoyer,86.7,76.5,7,12,13,912,2014,29,CLE,14,13,242,438,196,55.3,3326,12,13,0,2.7,3,76.5,24,160,5.19,7.6,6.81,6.11,13.7,237.6,41.1,7,6,0,4,4,912,86.7,QB
29,Matt Ryan,98.4,93.9,15,28,14,1064,2014,29,ATL,16,16,415,628,213,66.1,4694,28,14,4,4.5,2.2,93.9,31,205,4.7,7.5,7.36,6.71,11.3,293.4,49,6,10,0,3,3,1064,98.4,QB
30,Chase Daniel,6.7,73.1,1,0,0,67,2014,28,KAN,3,1,16,28,12,57.1,157,0,0,0,0,0,73.1,4,17,12.5,5.6,5.61,4.38,9.8,52.3,31.3,1,0,0,0,0,67,6.7,QB
31,Colt McCoy,22.8,96.4,3,4,3,240,2014,28,WAS,5,4,91,128,37,71.1,1057,4,3,0,3.1,2.3,96.4,17,117,11.72,8.3,7.83,6.1,11.6,211.4,42.1,1,3,0,1,2,240,22.8,QB
32,Mark Sanchez,53.2,88.4,6,14,11,626,2014,28,PHI,9,8,198,309,111,64.1,2418,14,11,1,4.5,3.6,88.4,23,151,6.93,7.8,7.13,6.18,12.2,268.7,50.6,4,4,0,0,0,626,53.2,QB
33,Jimmy Clausen,8.4,71.8,1,2,1,89,2014,27,CHI,4,1,26,48,22,54.2,223,2,1,0,4.2,2.1,71.8,3,20,5.88,4.6,4.54,3.88,8.6,55.8,33.3,0,1,0,0,0,89,8.4,QB
34,Andy Dalton,97.1,83.5,11,19,17,1033,2014,27,CIN,16,16,309,481,172,64.2,3398,19,17,2,4,3.5,83.5,21,124,4.18,7.1,6.26,5.75,11,212.4,45.8,10,5,1,4,3,1033,97.1,QB
35,Colin Kaepernick,99.2,86.4,12,19,10,1050,2014,27,SFO,16,16,289,478,189,60.5,3369,19,10,1,4,2.1,86.4,52,344,9.81,7,6.9,5.58,11.7,210.6,42.5,8,8,0,3,2,1050,99.2,QB
36,Kirk Cousins,33.9,86.4,4,10,9,357,2014,26,WAS,6,5,126,204,78,61.8,1710,10,9,1,4.9,4.4,86.4,8,70,3.77,8.4,7.38,6.77,13.6,285,48.1,1,4,0,0,0,357,33.9,QB
37,Case Keenum,14.9,72.2,1,2,2,165,2014,26,HOU,2,2,45,77,32,58.4,435,2,2,1,2.6,2.6,72.2,3,15,3.75,5.6,5,4.63,9.7,217.5,43.8,2,0,0,1,1,165,14.9,QB
38,Jake Locker,30.9,70.9,3,5,7,299,2014,26,TEN,7,5,86,146,60,58.9,993,5,7,0,3.4,4.8,70.9,14,85,8.75,6.8,5.33,4.33,11.5,141.9,40,1,4,0,0,0,299,30.9,QB
39,Ryan Mallett,14.1,67.6,1,2,2,157,2014,26,HOU,3,2,41,75,34,54.7,400,2,2,0,2.7,2.7,67.6,1,5,1.32,5.3,4.67,4.54,9.8,133.3,43.4,1,1,0,0,0,157,14.1,QB
40,Christian Ponder,8.7,45.8,1,0,2,89,2014,26,MIN,2,1,22,44,22,50,222,0,2,1,0,4.5,45.8,6,34,12,5,3,1.96,10.1,111,34,0,1,0,0,0,89,8.7,QB
41,Matthew Stafford,100,85.7,13,22,12,1093,2014,26,DET,16,16,363,602,239,60.3,4257,22,12,0,3.7,2,85.7,45,254,6.96,7.1,6.91,6.03,11.7,266.1,43.3,11,5,0,5,5,1093,100,QB
42,Ryan Tannehill,97.3,92.8,14,27,12,1065,2014,26,MIA,16,16,392,590,198,66.4,4045,27,12,0,4.6,2,92.8,46,337,7.23,6.9,6.86,5.83,10.3,252.8,47.3,8,8,0,2,1,1065,97.3,QB
43,Russell Wilson,99.7,95,19,20,7,1055,2014,26,SEA,16,16,285,452,167,63.1,3475,20,7,0,4.4,1.5,95,42,242,8.5,7.7,7.88,6.72,12.2,217.2,42.5,12,4,0,1,4,1055,99.7,QB
44,Austin Davis,55,85.1,5,12,9,551,2014,25,STL,10,8,180,284,104,63.4,2001,12,9,4,4.2,3.2,85.1,29,179,9.27,7,6.46,5.29,11.1,200.1,46.6,3,5,0,1,2,551,55,QB
45,Nick Foles,46.3,81.4,5,13,10,545,2014,25,PHI,8,8,186,311,125,59.8,2163,13,10,1,4.2,3.2,81.4,9,74,2.81,7,6.34,5.93,11.6,270.4,44.1,6,2,0,2,3,545,46.3,QB
46,Mike Glennon,36.6,83.3,4,10,6,364,2014,25,TAM,6,5,117,203,86,57.6,1417,10,6,0,4.9,3,83.3,16,91,7.31,7,6.64,5.74,12.1,236.2,42,1,4,0,1,1,364,36.6,QB
47,Ryan Lindley,15.4,56.8,1,2,4,163,2014,25,ARI,3,2,45,93,48,48.4,562,2,4,0,2.2,4.3,56.8,6,46,6.06,6,4.54,3.8,12.5,187.3,37.4,0,2,0,0,0,163,15.4,QB
48,Andrew Luck,92.8,96.5,16,40,16,1073,2014,25,IND,16,16,380,616,236,61.7,4761,40,16,3,6.5,2.6,96.5,27,161,4.2,7.7,7.86,7.28,12.5,297.6,47.9,11,5,0,1,1,1073,92.8,QB
49,Cam Newton,83.9,82.1,12,18,12,927,2014,25,CAR,14,14,262,448,186,58.5,3127,18,12,1,4,2.7,82.1,38,300,7.82,7,6.58,5.45,11.9,223.4,44.9,5,8,1,3,2,927,83.9,QB
50,Robert Griffin III,43.4,86.9,5,4,6,457,2014,24,WAS,9,7,147,214,67,68.7,1694,4,6,1,1.9,2.8,86.9,33,227,13.36,7.9,7.03,5.17,11.5,188.2,41.3,2,5,0,0,1,457,43.4,QB
51,EJ Manuel,24.4,80.3,2,5,3,259,2014,24,BUF,5,4,76,131,55,58,838,5,3,1,3.8,2.3,80.3,6,44,4.38,6.4,6.13,5.54,11,167.6,42.3,2,2,0,0,1,259,24.4,QB
52,Brock Osweiler,3.2,90.4,0,1,0,36,2014,24,DEN,4,0,4,10,6,40,52,1,0,0,10,0,90.4,0,0,0,5.2,7.2,7.2,13,13,30,,,,0,0,36,3.2,QB
53,Tom Savage,5.4,51.9,0,0,1,60,2014,24,HOU,2,0,10,19,9,52.6,127,0,1,0,0,5.3,51.9,1,5,5,6.7,4.32,3.85,12.7,63.5,35,,,,0,0,60,5.4,QB
54,Geno Smith,75,77.5,7,13,13,816,2014,24,NYJ,14,13,219,367,148,59.7,2525,13,13,3,3.5,3.5,77.5,28,175,7.09,6.9,5.99,5.13,11.5,180.4,41.8,3,10,0,1,2,816,75,QB
55,Derek Carr,95.8,76.6,5,21,12,989,2014,23,OAK,16,16,348,599,251,58.1,3270,21,12,1,3.5,2,76.6,24,149,3.85,5.5,5.26,4.82,9.4,204.4,39.5,3,13,0,1,1,989,95.8,QB
56,Jimmy Garoppolo,6.1,101.2,1,1,0,69,2014,23,NWE,6,0,19,27,8,70.4,182,1,0,0,3.7,0,101.2,5,36,15.63,6.7,7.48,5.19,9.6,30.3,34.4,,,,0,0,69,6.1,QB
57,Zach Mettenberger,31.6,83.4,3,8,7,306,2014,23,TEN,7,6,107,179,72,59.8,1412,8,7,1,4.5,3.9,83.4,18,138,9.14,7.9,7.02,5.68,13.2,201.7,38.6,0,6,0,0,0,306,31.6,QB
58,Connor Shaw,6.2,55.2,0,0,1,65,2014,23,CLE,1,1,14,28,14,50,177,0,1,0,0,3.6,55.2,4,27,12.5,6.3,4.71,3.28,12.6,177,34.4,0,1,0,0,0,65,6.2,QB
59,Blake Bortles,86.4,69.5,5,11,17,896,2014,22,JAX,14,13,280,475,195,58.9,2908,11,17,4,2.3,3.6,69.5,55,345,10.38,6.1,4.97,3.81,10.4,207.7,37.9,3,10,0,1,1,896,86.4,QB
60,Teddy Bridgewater,77.5,85.2,9,14,12,794,2014,22,MIN,13,12,259,402,143,64.4,2919,14,12,0,3.5,3,85.2,39,249,8.84,7.3,6.61,5.46,11.3,224.5,44.7,6,6,0,3,3,794,77.5,QB
61,Johnny Manziel,7.2,42,0,0,2,76,2014,22,CLE,5,2,18,35,17,51.4,175,0,2,0,0,5.7,42,3,26,7.89,5,2.43,1.55,9.7,35,28.9,0,2,0,0,0,76,7.2,QB